gameDate,gamePk,playerId,fullName,firstName,lastName,primaryNumber,birthDate,currentAge,height,weight,primaryPosition,batSide,pitchHand,teamAbbrev,gameLogSummary,note,atBats,hits,doubles,triples,homeRuns,rbi,runs,strikeOuts,baseOnBalls,stolenBases,caughtStealing,groundIntoDoublePlay,plateAppearances,inningsPitched,earnedRuns,hitsAllowed,homeRunsAllowed,strikeOutsPitching,baseOnBallsPitching,pitchesThrown,wins,losses,saves
2026-04-13,823153,647304,Josh Naylor,Joshua-Douglas,Naylor,12,1997-06-22,28,"5' 10""",235,First Base,Left,Left,SEA,"2-4 | 2 HR, 5 RBI, 2 R",,4,2,0,0,2,5,2,0,0,0,0,0,4,,,,,,,,,,
2026-04-13,823153,702284,Cole Young,Cole,Young,2,2003-07-29,22,"5' 10""",180,Second Base,Left,Right,SEA,0-4 | K,,4,0,0,0,0,0,0,1,0,0,0,0,4,,,,,,,,,,
2026-04-13,823153,678606,Jose A. Ferrer,Jose,Ferrer,45,2000-03-03,26,"6' 1""",233,Pitcher,Left,Left,SEA,,,,,,,,,,,,,,,,,,,,,,,,,
2026-04-13,823153,668227,Randy Arozarena,Randy,Arozarena,56,1995-02-28,31,"5' 10""",185,Outfielder,Right,Right,SEA,0-4,,4,0,0,0,0,0,0,0,0,0,0,0,4,,,,,,,,,,
2026-04-13,823153,641487,J.P. Crawford,John,Crawford,3,1995-01-11,31,"6' 0""",202,Shortstop,Left,Right,SEA,1-4,,4,1,0,0,0,0,0,0,0,0,0,0,4,,,,,,,,,,
2026-04-13,823153,668984,Casey Legumina,Casey,Legumina,64,1997-06-19,28,"6' 2""",195,Pitcher,Right,Right,SEA,,,,,,,,,,,,,,,,,,,,,,,,,
2026-04-13,823153,686527,Dominic Canzone,Dominic,Canzone,8,1997-08-16,28,"6' 0""",190,Outfielder,Left,Right,SEA,,,,,,,,,,,,,,,,,,,,,,,,,
2026-04-13,823153,663728,Cal Raleigh,Caleb,Raleigh,29,1996-11-26,29,"6' 2""",235,Catcher,Switch,Right,SEA,2-5 | 2 R,,5,2,0,0,0,0,2,0,0,0,0,0,5,,,,,,,,,,
2026-04-13,823153,656582,Connor Joe,Connor,Joe,9,1992-08-16,33,"5' 11""",205,First Base,Right,Right,SEA,,,,,,,,,,,,,,,,,,,,,,,,,
2026-04-13,823153,608701,Rob Refsnyder,Robert,Refsnyder,30,1991-03-26,35,"5' 11""",215,Outfielder,Right,Right,SEA,,,,,,,,,,,,,,,,,,,,,,,,,
2026-04-13,823153,677961,Cole Wilcox,Mitchell,Wilcox,43,1999-07-14,26,"6' 5""",232,Pitcher,Right,Right,SEA,"1.0 IP, 0 ER, 0 K, BB",,,,,,,,,,,,,,,1.0,0,0,0,0,1,16,0,0,0
2026-04-13,823153,666374,Matt Brash,Matthew,Brash,47,1998-05-12,27,"6' 1""",173,Pitcher,Right,Right,SEA,"0.1 IP, 0 ER, 0 K, 0 BB",,,,,,,,,,,,,,,0.1,0,0,0,0,0,4,0,0,0
2026-04-13,823153,669302,Logan Gilbert,Logan,Gilbert,36,1997-05-05,28,"6' 6""",215,Pitcher,Right,Right,SEA,,,,,,,,,,,,,,,,,,,,,,,,,
2026-04-13,823153,693433,Bryan Woo,Bryan,Woo,22,2000-01-30,26,"6' 2""",205,Pitcher,Right,Right,SEA,,,,,,,,,,,,,,,,,,,,,,,,,
2026-04-13,823153,680977,Brendan Donovan,Brendan,Donovan,33,1997-01-16,29,"5' 11""",210,Second Base,Left,Right,SEA,"2-4 | 2B, BB",,4,2,1,0,0,0,0,0,1,0,0,0,5,,,,,,,,,,
2026-04-13,823153,622491,Luis Castillo,Luis,Castillo,58,1992-12-12,33,"6' 2""",200,Pitcher,Right,Right,SEA,,,,,,,,,,,,,,,,,,,,,,,,,
2026-04-13,823153,681867,Cooper Criswell,Cooper,Criswell,88,1996-07-24,29,"6' 6""",200,Pitcher,Right,Right,SEA,,,,,,,,,,,,,,,,,,,,,,,,,
2026-04-13,823153,669923,George Kirby,George,Kirby,68,1998-02-04,28,"6' 4""",215,Pitcher,Right,Right,SEA,"7.2 IP, 2 ER, 6 K, BB",,,,,,,,,,,,,,,7.2,2,7,0,6,1,99,1,0,0
2026-04-13,823153,662253,Andrés Muñoz,Andrés,Muñoz,75,1999-01-16,27,"6' 2""",222,Pitcher,Right,Right,SEA,,,,,,,,,,,,,,,,,,,,,,,,,
2026-04-13,823153,641598,Mitch Garver,Mitchell,Garver,18,1991-01-15,35,"6' 1""",220,Catcher,Right,Right,SEA,1-4 | K,,4,1,0,0,0,0,0,1,0,0,0,0,4,,,,,,,,,,
2026-04-13,823153,642100,Gabe Speier,Gabriel,Speier,55,1995-04-12,31,"5' 11""",200,Pitcher,Left,Left,SEA,,,,,,,,,,,,,,,,,,,,,,,,,
2026-04-13,823153,677594,Julio Rodríguez,Julio,Rodríguez,44,2000-12-29,25,"6' 4""",228,Outfielder,Right,Right,SEA,"2-4 | 2B, 2 R",,4,2,1,0,0,0,2,0,0,0,0,0,4,,,,,,,,,,
2026-04-13,823153,660844,Leo Rivas,Leonardo,Rivas,76,1997-10-10,28,"5' 7""",150,Second Base,Switch,Right,SEA,,,,,,,,,,,,,,,,,,,,,,,,,
2026-04-13,823153,660825,Eduard Bazardo,Eduard,Bazardo,83,1995-09-01,30,"6' 0""",190,Pitcher,Right,Right,SEA,,,,,,,,,,,,,,,,,,,,,,,,,
2026-04-13,823153,670042,Luke Raley,Lucas,Raley,20,1994-09-19,31,"6' 3""",235,Outfielder,Left,Right,SEA,"3-4 | K, RBI",,4,3,0,0,0,1,0,1,0,0,0,0,4,,,,,,,,,,
2026-04-13,823153,676106,Emerson Hancock,Emerson,Hancock,26,1999-05-31,26,"6' 4""",213,Pitcher,Right,Right,SEA,,,,,,,,,,,,,,,,,,,,,,,,,
2026-04-13,823153,694376,Shay Whitcomb,Shay,Whitcomb,14,1998-09-28,27,"6' 0""",202,Outfielder,Right,Right,HOU,0-0,,0,0,0,0,0,0,0,0,0,0,0,0,0,,,,,,,,,,
2026-04-13,823153,670623,Isaac Paredes,Isaac,Paredes,15,1999-02-18,27,"5' 11""",213,Third Base,Right,Right,HOU,2-4 | K,,4,2,0,0,0,0,0,1,0,0,0,0,4,,,,,,,,,,
2026-04-13,823153,650556,Bryan Abreu,Bryan,Abreu,52,1997-04-22,28,"6' 1""",230,Pitcher,Right,Right,HOU,,,,,,,,,,,,,,,,,,,,,,,,,
2026-04-13,823153,669397,Nick Allen,Nicholas,Allen,20,1998-10-08,27,"5' 7""",166,Shortstop,Right,Right,HOU,0-2,,2,0,0,0,0,0,0,0,0,0,0,1,2,,,,,,,,,,
2026-04-13,823153,678906,Kai-Wei Teng,Kai-Wei,Teng,17,1998-12-01,27,"6' 4""",241,Pitcher,Right,Right,HOU,,,,,,,,,,,,,,,,,,,,,,,,,
2026-04-13,823153,680802,Ryan Weiss,Ryan,Weiss,51,1996-12-10,29,"6' 4""",210,Pitcher,Right,Right,HOU,,,,,,,,,,,,,,,,,,,,,,,,,
2026-04-13,823153,701358,Cam Smith,Cameron,Smith,11,2003-02-22,23,"6' 3""",224,Outfielder,Right,Right,HOU,1-4 | R,,4,1,0,0,0,0,1,0,0,0,0,1,4,,,,,,,,,,
2026-04-13,823153,685005,Christian Roa,Christian,Roa,73,1999-04-02,27,"6' 4""",220,Pitcher,Right,Right,HOU,,,,,,,,,,,,,,,,,,,,,,,,,
2026-04-13,823153,641585,J.P. France,Jonathan,France,68,1995-04-04,31,"6' 0""",198,Pitcher,Right,Right,HOU,"2.0 IP, 0 ER, 0 K, 0 BB",,,,,,,,,,,,,,,2.0,0,2,0,0,0,23,0,0,0
2026-04-13,823153,660853,Enyel De Los Santos,Enyel,De Los Santos,65,1995-12-25,30,"6' 3""",235,Pitcher,Right,Right,HOU,,,,,,,,,,,,,,,,,,,,,,,,,
2026-04-13,823153,595345,Steven Okert,Steven,Okert,48,1991-07-09,34,"6' 2""",202,Pitcher,Left,Left,HOU,,,,,,,,,,,,,,,,,,,,,,,,,
2026-04-13,823153,694728,Brice Matthews,Brice,Matthews,0,2002-03-16,24,"5' 10""",190,Shortstop,Right,Right,HOU,,,,,,,,,,,,,,,,,,,,,,,,,
2026-04-13,823153,805123,AJ Blubaugh,Alan,Blubaugh,69,2000-07-04,25,"6' 2""",190,Pitcher,Right,Right,HOU,,,,,,,,,,,,,,,,,,,,,,,,,
2026-04-13,823153,514888,Jose Altuve,Jose,Altuve,27,1990-05-06,35,"5' 6""",167,Outfielder,Right,Right,HOU,0-4,,4,0,0,0,0,0,0,0,0,0,0,0,4,,,,,,,,,,
2026-04-13,823153,666211,Taylor Trammell,Taylor,Trammell,26,1997-09-13,28,"6' 1""",220,Outfielder,Left,Left,HOU,"1-4 | K, R",,4,1,0,0,0,0,1,1,0,0,0,0,4,,,,,,,,,,
2026-04-13,823153,675989,Cody Bolton,Carl,Bolton,67,1998-06-19,27,"6' 2""",210,Pitcher,Right,Right,HOU,,,,,,,,,,,,,,,,,,,,,,,,,
2026-04-13,823153,694388,Joey Loperfido,Mario,Loperfido,10,1999-05-11,26,"6' 3""",220,Outfielder,Left,Right,HOU,1-1,,1,1,0,0,0,0,0,0,0,0,0,0,1,,,,,,,,,,
2026-04-13,823153,621121,Lance McCullers Jr.,Lance,McCullers,43,1993-10-02,32,"6' 1""",200,Pitcher,Left,Right,HOU,,,,,,,,,,,,,,,,,,,,,,,,,
2026-04-13,823153,681347,Mike Burrows,Michael,Burrows,50,1999-11-08,26,"6' 1""",200,Pitcher,Right,Right,HOU,"6.0 IP, 6 ER, 3 K, BB",,,,,,,,,,,,,,,6.0,6,11,2,3,1,98,0,1,0
2026-04-13,823153,687911,Bryan King,Bryan,King,74,1996-11-05,29,"6' 1""",205,Pitcher,Right,Left,HOU,,,,,,,,,,,,,,,,,,,,,,,,,
2026-04-13,823153,621043,Carlos Correa,Carlos,Correa,1,1994-09-22,31,"6' 3""",220,Shortstop,Right,Right,HOU,1-4 | 2 K,,4,1,0,0,0,0,0,2,0,0,0,0,4,,,,,,,,,,
2026-04-13,823153,572233,Christian Walker,Christian,Walker,8,1991-03-28,35,"5' 11""",208,First Base,Right,Right,HOU,"0-3 | BB, 2 K",,3,0,0,0,0,0,0,2,1,0,0,0,4,,,,,,,,,,
2026-04-13,823153,676467,Colton Gordon,Colton,Gordon,61,1998-12-20,27,"6' 4""",225,Pitcher,Left,Left,HOU,,,,,,,,,,,,,,,,,,,,,,,,,
2026-04-13,823153,543877,Christian Vázquez,Christian,Vázquez,2,1990-08-21,35,"5' 8""",205,Catcher,Right,Right,HOU,,,,,,,,,,,,,,,,,,,,,,,,,
2026-04-13,823153,673237,Yainer Diaz,Yainer,Diaz,21,1998-09-21,27,"5' 11""",195,Catcher,Right,Right,HOU,1-3 | RBI,,3,1,0,0,0,1,0,0,0,0,0,0,3,,,,,,,,,,
2026-04-13,823153,670541,Yordan Alvarez,Yordan,Alvarez,44,1997-06-27,28,"6' 4""",237,Outfielder,Left,Right,HOU,0-3 | BB,,3,0,0,0,0,0,0,0,1,0,0,0,4,,,,,,,,,,
2026-04-13,824856,669236,Jeremiah Jackson,Jeremiah,Jackson,82,2000-03-26,26,"5' 11""",200,Second Base,Right,Right,BAL,"3-4 | 2 HR, 5 RBI, 2 R",,4,3,0,0,2,5,2,0,0,0,0,0,4,,,,,,,,,,
2026-04-13,824856,665152,Dean Kremer,Dean,Kremer,64,1996-01-07,30,"6' 2""",210,Pitcher,Right,Right,BAL,"5.0 IP, 2 ER, 9 K, 0 BB",,,,,,,,,,,,,,,5.0,2,6,3,9,0,80,0,0,0
2026-04-13,824856,694212,Samuel Basallo,Samuel,Basallo,29,2004-08-13,21,"6' 4""",250,Catcher,Left,Right,BAL,0-4 | K,,4,0,0,0,0,0,0,1,0,0,0,0,4,,,,,,,,,,
2026-04-13,824856,669432,Trevor Rogers,Trevor,Rogers,28,1997-11-13,28,"6' 5""",230,Pitcher,Left,Left,BAL,,,,,,,,,,,,,,,,,,,,,,,,,
2026-04-13,824856,669330,Tyler Wells,Tyler,Wells,68,1994-08-26,31,"6' 8""",270,Pitcher,Right,Right,BAL,,,,,,,,,,,,,,,,,,,,,,,,,
2026-04-13,824856,670329,Rico Garcia,Joshua,Garcia,50,1994-01-10,32,"5' 9""",215,Pitcher,Right,Right,BAL,"1.0 IP, 0 ER, 0 K, 0 BB",,,,,,,,,,,,,,,1.0,0,0,0,0,0,11,0,0,0
2026-04-13,824856,642215,Weston Wilson,Weston,Wilson,32,1994-09-11,31,"6' 3""",215,Outfielder,Right,Right,BAL,,,,,,,,,,,,,,,,,,,,,,,,,
2026-04-13,824856,675919,Nick Raquet,Nick,Raquet,72,1995-12-12,30,"6' 0""",215,Pitcher,Right,Left,BAL,,,,,,,,,,,,,,,,,,,,,,,,,
2026-04-13,824856,683002,Gunnar Henderson,Gunnar,Henderson,2,2001-06-29,24,"6' 3""",230,Shortstop,Left,Right,BAL,"1-5 | 3B, K, RBI",,5,1,0,1,0,1,0,1,0,0,0,0,5,,,,,,,,,,
2026-04-13,824856,665750,Leody Taveras,Leody,Taveras,30,1998-09-08,27,"6' 2""",210,Outfield,Switch,Right,BAL,"1-3 | BB, K, RBI",,3,1,0,0,0,1,1,1,1,0,0,0,4,,,,,,,,,,
2026-04-13,824856,621493,Taylor Ward,Joseph,Ward,3,1993-12-14,32,"6' 0""",205,Outfielder,Right,Right,BAL,"0-4 | HBP, 3 K, R",,4,0,0,0,0,0,1,3,0,0,0,0,5,,,,,,,,,,
2026-04-13,824856,669358,Shane Baz,Shane,Baz,34,1999-06-17,26,"6' 3""",200,Pitcher,Right,Right,BAL,,,,,,,,,,,,,,,,,,,,,,,,,
2026-04-13,824856,680694,Kyle Bradish,Kyle,Bradish,38,1996-09-12,29,"6' 3""",215,Pitcher,Right,Right,BAL,,,,,,,,,,,,,,,,,,,,,,,,,
2026-04-13,824856,544150,Albert Suárez,Albert,Suárez,49,1989-10-08,36,"6' 3""",235,Pitcher,Right,Right,BAL,"2.0 IP, 3 ER, 0 K, BB",,,,,,,,,,,,,,,2.0,3,4,1,0,1,40,1,0,0
2026-04-13,824856,687637,Dylan Beavers,Dylan,Beavers,12,2001-08-11,24,"6' 5""",220,Outfielder,Left,Right,BAL,1-4 | R,,4,1,0,0,0,0,1,0,0,0,0,0,4,,,,,,,,,,
2026-04-13,824856,605135,Chris Bassitt,Christopher,Bassitt,40,1989-02-22,37,"6' 5""",220,Pitcher,Right,Right,BAL,,,,,,,,,,,,,,,,,,,,,,,,,
2026-04-13,824856,677942,Blaze Alexander,Blaze,Alexander,23,1999-06-11,26,"5' 11""",200,Shortstop,Right,Right,BAL,"0-2 | BB, 2 K, R",,2,0,0,0,0,0,1,2,1,0,0,0,4,,,,,,,,,,
2026-04-13,824856,671286,Johnathan Rodríguez,Johnathan,Rodríguez,62,1999-11-04,26,"6' 2""",224,Outfielder,Right,Right,BAL,,,,,,,,,,,,,,,,,,,,,,,,,
2026-04-13,824856,689296,Anthony Nunez,Anthony,Nunez,66,2001-07-10,24,"6' 2""",220,Pitcher,Switch,Right,BAL,,,,,,,,,,,,,,,,,,,,,,,,,
2026-04-13,824856,624413,Pete Alonso,Peter,Alonso,25,1994-12-07,31,"6' 3""",245,First Base,Right,Right,BAL,"2-3 | HR, 2B, BB",,3,2,1,0,1,2,2,0,1,0,0,0,4,,,,,,,,,,
2026-04-13,824856,664854,Ryan Helsley,Ryan,Helsley,21,1994-07-18,31,"6' 2""",235,Pitcher,Right,Right,BAL,"1.0 IP, 0 ER, 2 K, 0 BB",,,,,,,,,,,,,,,1.0,0,0,0,2,0,12,0,0,1
2026-04-13,824856,664991,Grant Wolfram,Grant,Wolfram,48,1996-12-12,29,"6' 7""",250,Pitcher,Left,Left,BAL,,,,,,,,,,,,,,,,,,,,,,,,,
2026-04-13,824856,666974,Yennier Cano,Yennier,Cano,78,1994-03-09,32,"6' 4""",245,Pitcher,Right,Right,BAL,,,,,,,,,,,,,,,,,,,,,,,,,
2026-04-13,824856,668974,Maverick Handley,Maverick,Handley,98,1998-03-10,28,"5' 9""",210,Catcher,Right,Right,BAL,,,,,,,,,,,,,,,,,,,,,,,,,
2026-04-13,824856,681297,Colton Cowser,Colton,Cowser,17,2000-03-20,26,"6' 3""",220,Outfielder,Left,Right,BAL,"0-3 | BB, K, R",,3,0,0,0,0,0,1,1,1,0,0,0,4,,,,,,,,,,
2026-04-13,824856,691723,Coby Mayo,Coby,Mayo,16,2001-12-10,24,"6' 5""",225,First Base,Right,Right,BAL,,,,,,,,,,,,,,,,,,,,,,,,,
2026-04-13,824856,694851,Andrew Hoffmann,Andrew,Hoffmann,56,2000-02-02,26,"6' 5""",210,Pitcher,Right,Right,AZ,"1.1 IP, ER, K, 0 BB",,,,,,,,,,,,,,,1.1,1,1,1,1,0,14,0,0,0
2026-04-13,824856,593958,Eduardo Rodriguez,Eduardo,Rodriguez,57,1993-04-07,33,"6' 2""",231,Pitcher,Left,Left,AZ,,,,,,,,,,,,,,,,,,,,,,,,,
2026-04-13,824856,666661,Juan Morillo,Juan,Morillo,62,1999-03-19,27,"6' 1""",150,Pitcher,Right,Right,AZ,,,,,,,,,,,,,,,,,,,,,,,,,
2026-04-13,824856,694297,Brandon Pfaadt,Brandon,Pfaadt,32,1998-10-15,27,"6' 4""",220,Pitcher,Right,Right,AZ,,,,,,,,,,,,,,,,,,,,,,,,,
2026-04-13,824856,694374,Tim Tawa,Timothy,Tawa,13,1999-04-07,27,"5' 11""",196,Second Base,Right,Right,AZ,,,,,,,,,,,,,,,,,,,,,,,,,
2026-04-13,824856,680728,Adrian Del Castillo,Adrian,Del Castillo,25,1999-09-27,26,"5' 9""",208,Catcher,Left,Right,AZ,"1-4 | K, R",,4,1,0,0,0,0,1,1,0,0,0,1,4,,,,,,,,,,
2026-04-13,824856,688497,Taylor Rashi,Taylor,Rashi,54,1996-01-15,30,"6' 4""",220,Pitcher,Right,Right,AZ,"0.2 IP, 4 ER, K, BB",,,,,,,,,,,,,,,0.2,4,3,1,1,1,15,0,0,0
2026-04-13,824856,571448,Nolan Arenado,Nolan,Arenado,28,1991-04-16,34,"6' 2""",215,Third Base,Right,Right,AZ,"2-4 | 2 HR, K, 5 RBI",,4,2,0,0,2,5,2,1,0,0,0,0,4,,,,,,,,,,
2026-04-13,824856,656464,Kevin Ginkel,Kevin,Ginkel,37,1994-03-24,32,"6' 4""",235,Pitcher,Left,Right,AZ,,,,,,,,,,,,,,,,,,,,,,,,,
2026-04-13,824856,606466,Ketel Marte,Ketel,Marte,4,1993-10-12,32,"6' 0""",210,Second Base,Switch,Right,AZ,"2-5 | 2 HR, K, 2 RBI",,5,2,0,0,2,2,2,1,0,0,0,0,5,,,,,,,,,,
2026-04-13,824856,663609,Luken Baker,Luken,Baker,21,1997-03-10,29,"6' 4""",285,First Base,Right,Right,AZ,,,,,,,,,,,,,,,,,,,,,,,,,
2026-04-13,824856,642528,Jonathan Loáisiga,Jonathan,Loáisiga,43,1994-11-02,31,"5' 11""",195,Pitcher,Right,Right,AZ,"0.2 IP, 2 ER, 0 K, BB",,,,,,,,,,,,,,,0.2,2,1,1,0,1,19,0,1,0
2026-04-13,824856,545121,Ildemaro Vargas,Ildemaro,Vargas,6,1991-07-16,34,"5' 11""",202,Second Base,Switch,Right,AZ,"2-4 | 2B, R",,4,2,1,0,0,0,1,0,0,0,0,0,4,,,,,,,,,,
2026-04-13,824856,669194,Ryne Nelson,Ryne,Nelson,19,1998-02-01,28,"6' 3""",184,Pitcher,Right,Right,AZ,"5.1 IP, ER, 7 K, 2 BB",,,,,,,,,,,,,,,5.1,1,3,0,7,2,92,0,0,0
2026-04-13,824856,672695,Geraldo Perdomo,Geraldo,Perdomo,2,1999-10-22,26,"6' 2""",203,Shortstop,Switch,Right,AZ,"0-3 | BB, CS",,3,0,0,0,0,0,0,0,1,0,1,0,4,,,,,,,,,,
2026-04-13,824856,699912,Jose Fernandez,Jose,Fernandez,11,2003-09-22,22,"6' 3""",165,Shortstop,Right,Right,AZ,"0-4 | K, R",,4,0,0,0,0,0,1,1,0,0,0,0,4,,,,,,,,,,
2026-04-13,824856,623149,Paul Sewald,Paul,Sewald,38,1990-05-26,35,"6' 3""",219,Pitcher,Right,Right,AZ,,,,,,,,,,,,,,,,,,,,,,,,,
2026-04-13,824856,647336,Michael Soroka,Michael,Soroka,34,1997-08-04,28,"6' 5""",250,Pitcher,Right,Right,AZ,,,,,,,,,,,,,,,,,,,,,,,,,
2026-04-13,824856,672515,Gabriel Moreno,Gabriel,Moreno,14,2000-02-14,26,"5' 9""",195,Catcher,Right,Right,AZ,,,,,,,,,,,,,,,,,,,,,,,,,
2026-04-13,824856,682998,Corbin Carroll,Corbin,Carroll,7,2000-08-21,25,"5' 10""",165,Outfielder,Left,Left,AZ,1-4 | 2 K,,4,1,0,0,0,0,0,2,0,0,0,0,4,,,,,,,,,,
2026-04-13,824856,664199,Taylor Clarke,Taylor,Clarke,45,1993-05-13,32,"6' 3""",210,Pitcher,Right,Right,AZ,,,,,,,,,,,,,,,,,,,,,,,,,
2026-04-13,824856,668678,Zac Gallen,Zachary,Gallen,23,1995-08-03,30,"6' 2""",189,Pitcher,Right,Right,AZ,,,,,,,,,,,,,,,,,,,,,,,,,
2026-04-13,824856,657044,Ryan Thompson,Ryan,Thompson,81,1992-06-26,33,"6' 5""",210,Pitcher,Right,Right,AZ,,,,,,,,,,,,,,,,,,,,,,,,,
2026-04-13,824856,543510,James McCann,James,McCann,8,1990-06-13,35,"6' 2""",235,Catcher,Right,Right,AZ,,,,,,,,,,,,,,,,,,,,,,,,,
2026-04-13,824856,677950,Alek Thomas,Alek,Thomas,5,2000-04-28,25,"5' 9""",175,Outfielder,Left,Left,AZ,0-4 | 3 K,,4,0,0,0,0,0,0,3,0,0,0,0,4,,,,,,,,,,
2026-04-13,824856,678489,Jorge Barrosa,Jorge,Barrosa,1,2001-02-17,25,"5' 6""",165,Outfielder,Switch,Left,AZ,"2-4 | 2B, 2 K",,4,2,1,0,0,0,0,2,0,0,0,0,4,,,,,,,,,,
2026-04-13,823400,694973,Paul Skenes,Paul,Skenes,30,2002-05-29,23,"6' 6""",260,Pitcher,Right,Right,PIT,"6.0 IP, ER, 6 K, BB",,,,,,,,,,,,,,,6.0,1,1,1,6,1,88,1,0,0
2026-04-13,823400,694377,Nick Yorke,Nicholas,Yorke,38,2002-04-02,24,"5' 11""",220,Second Base,Right,Right,PIT,0-6 | 2 K,,6,0,0,0,0,0,0,2,0,0,0,0,6,,,,,,,,,,
2026-04-13,823400,687462,Spencer Horwitz,Spencer,Horwitz,2,1997-11-14,28,"5' 10""",204,First Base,Left,Right,PIT,"2-4 | HR, BB, RBI",,4,2,0,0,1,1,2,0,1,0,0,0,5,,,,,,,,,,
2026-04-13,823400,664040,Brandon Lowe,Brandon,Lowe,5,1994-07-06,31,"5' 9""",181,Second Base,Left,Right,PIT,"3-5 | HR, HBP, 5 RBI",,5,3,0,0,1,5,2,0,0,0,0,0,6,,,,,,,,,,
2026-04-13,823400,668804,Bryan Reynolds,Bryan,Reynolds,10,1995-01-27,31,"6' 2""",210,Outfielder,Switch,Right,PIT,"3-4 | 3B, HBP, K",,4,3,0,1,0,4,1,1,0,0,0,0,5,,,,,,,,,,
2026-04-13,823400,663698,Joey Bart,Joseph,Bart,14,1996-12-15,29,"6' 2""",242,Catcher,Right,Right,PIT,0-0 | RBI,,0,0,0,0,0,1,0,0,0,0,0,0,1,,,,,,,,,,
2026-04-13,823400,665833,Oneil Cruz,Oneil,Cruz,15,1998-10-04,27,"6' 7""",248,Outfielder,Left,Right,PIT,"2-3 | 2 BB, 3 RBI, 3 R",,3,2,0,0,0,3,3,0,2,1,0,0,5,,,,,,,,,,
2026-04-13,823400,681895,Evan Sisk,Samuel,Sisk,48,1997-04-23,28,"6' 2""",214,Pitcher,Left,Left,PIT,"2.0 IP, 0 ER, 3 K, BB",,,,,,,,,,,,,,,2.0,0,1,0,3,1,31,0,0,0
2026-04-13,823400,642397,Gregory Soto,Gregory,Soto,31,1995-02-11,31,"6' 1""",247,Pitcher,Left,Left,PIT,,,,,,,,,,,,,,,,,,,,,,,,,
2026-04-13,823400,682254,Mason Montgomery,Mason,Montgomery,46,2000-06-17,25,"6' 2""",205,Pitcher,Left,Left,PIT,,,,,,,,,,,,,,,,,,,,,,,,,
2026-04-13,823400,663968,Jake Mangum,Jake,Mangum,28,1996-03-08,30,"5' 11""",191,Outfielder,Switch,Left,PIT,"1-4 | BB, 2 R",,4,1,0,0,0,0,2,0,1,0,0,0,5,,,,,,,,,,
2026-04-13,823400,656605,Mitch Keller,Mitch,Keller,23,1996-04-04,30,"6' 3""",213,Pitcher,Right,Right,PIT,,,,,,,,,,,,,,,,,,,,,,,,,
2026-04-13,823400,670990,Yohan Ramírez,Yohan,Ramírez,49,1995-05-06,30,"6' 3""",205,Pitcher,Right,Right,PIT,,,,,,,,,,,,,,,,,,,,,,,,,
2026-04-13,823400,676755,Isaac Mattson,Isaac,Mattson,72,1995-07-14,30,"6' 2""",214,Pitcher,Right,Right,PIT,,,,,,,,,,,,,,,,,,,,,,,,,
2026-04-13,823400,696149,Bubba Chandler,Roy,Chandler,36,2002-09-14,23,"6' 3""",206,Pitcher,Switch,Right,PIT,,,,,,,,,,,,,,,,,,,,,,,,,
2026-04-13,823400,695257,Billy Cook,William,Cook,25,1999-01-07,27,"6' 0""",204,Outfield,Right,Right,PIT,1-1,,1,1,0,0,0,0,0,0,0,0,0,0,1,,,,,,,,,,
2026-04-13,823400,669387,Carmen Mlodzinski,Carmen,Mlodzinski,50,1999-02-19,27,"6' 2""",210,Pitcher,Right,Right,PIT,,,,,,,,,,,,,,,,,,,,,,,,,
2026-04-13,823400,642701,Dennis Santana,Dennis,Santana,60,1996-04-12,30,"6' 2""",202,Pitcher,Right,Right,PIT,,,,,,,,,,,,,,,,,,,,,,,,,
2026-04-13,823400,680779,Henry Davis,Henry,Davis,32,1999-09-21,26,"5' 11""",225,Catcher,Right,Right,PIT,"2-4 | BB, K, 3 R",,4,2,0,0,0,0,3,1,1,1,0,0,5,,,,,,,,,,
2026-04-13,823400,664875,Justin Lawrence,Justin,Lawrence,61,1994-11-25,31,"6' 3""",211,Pitcher,Right,Right,PIT,,,,,,,,,,,,,,,,,,,,,,,,,
2026-04-13,823400,664353,José Urquidy,José,Urquidy,65,1995-05-01,30,"6' 0""",225,Pitcher,Right,Right,PIT,"1.0 IP, 4 ER, 0 K, 0 BB",,,,,,,,,,,,,,,1.0,4,6,1,0,0,31,0,0,0
2026-04-13,823400,804606,Konnor Griffin,Konnor,Griffin,6,2006-04-24,19,"6' 3""",222,Shortstop,Right,Right,PIT,"1-4 | BB, 2 K, RBI",,4,1,0,0,0,1,2,2,1,0,0,0,5,,,,,,,,,,
2026-04-13,823400,656811,Ryan O'Hearn,Ryan,O'Hearn,29,1993-07-26,32,"6' 2""",220,First Base,Left,Left,PIT,"1-5 | 2B, 3 K, RBI",,5,1,1,0,0,1,1,3,0,0,0,0,5,,,,,,,,,,
2026-04-13,823400,693304,Nick Gonzales,Nicholas,Gonzales,3,1999-05-27,26,"5' 8""",193,Second Base,Right,Right,PIT,0-0 | BB,,0,0,0,0,0,0,0,0,1,0,0,0,1,,,,,,,,,,
2026-04-13,823400,542303,Marcell Ozuna,Marcell,Ozuna,24,1990-11-12,35,"6' 1""",251,Designated Hitter,Right,Right,PIT,,,,,,,,,,,,,,,,,,,,,,,,,
2026-04-13,823400,677952,Braxton Ashcraft,Braxton,Ashcraft,35,1999-10-05,26,"6' 5""",218,Pitcher,Left,Right,PIT,,,,,,,,,,,,,,,,,,,,,,,,,
2026-04-13,823400,691781,Brady House,Brady,House,12,2003-06-04,22,"6' 4""",208,Third Base,Right,Right,WSH,,,,,,,,,,,,,,,,,,,,,,,,,
2026-04-13,823400,682928,CJ Abrams,Paul,Abrams,5,2000-10-03,25,"6' 0""",191,Shortstop,Left,Right,WSH,"1-2 | HR, RBI, R",,2,1,0,0,1,1,1,0,0,0,0,0,2,,,,,,,,,,
2026-04-13,823400,683083,Nasim Nuñez,Nasim,Nuñez,26,2000-08-18,25,"5' 8""",165,Shortstop,Switch,Right,WSH,1-4 | 2 RBI,,4,1,0,0,0,2,0,0,0,0,0,0,4,,,,,,,,,,
2026-04-13,823400,686452,Drew Millas,Andrew,Millas,14,1998-01-15,28,"6' 0""",204,Catcher,Switch,Right,WSH,,,,,,,,,,,,,,,,,,,,,,,,,
2026-04-13,823400,571945,Miles Mikolas,Miles,Mikolas,36,1988-08-23,37,"6' 4""",230,Pitcher,Right,Right,WSH,,,,,,,,,,,,,,,,,,,,,,,,,
2026-04-13,823400,686894,Joey Wiemer,Joseph,Wiemer,21,1999-02-11,27,"6' 4""",226,Outfielder,Right,Right,WSH,0-1 | K,,1,0,0,0,0,0,0,1,0,0,0,0,1,1.0,1,2,0,0,1,21,0,0,0
2026-04-13,823400,678391,Jorbit Vivas,Jorbit,Vivas,84,2001-03-09,25,"5' 9""",171,Second Base,Left,Right,WSH,"1-3 | 2B, BB, R",,3,1,1,0,0,0,1,0,1,0,0,0,4,,,,,,,,,,
2026-04-13,823400,676571,PJ Poulin,Peter,Poulin,50,1996-07-25,29,"6' 1""",195,Pitcher,Right,Left,WSH,,,,,,,,,,,,,,,,,,,,,,,,,
2026-04-13,823400,690925,Clayton Beeter,Clayton,Beeter,39,1998-10-09,27,"6' 2""",220,Pitcher,Right,Right,WSH,,,,,,,,,,,,,,,,,,,,,,,,,
2026-04-13,823400,695418,Brad Lord,Bradley,Lord,41,2000-02-14,26,"6' 3""",210,Pitcher,Right,Right,WSH,"0.2 IP, 3 ER, K, BB",,,,,,,,,,,,,,,0.2,3,3,1,1,1,22,0,0,0
2026-04-13,823400,678554,Curtis Mead,Curtis,Mead,45,2000-10-26,25,"6' 1""",225,First Base,Right,Right,WSH,0-2,,2,0,0,0,0,0,0,0,0,0,0,0,2,,,,,,,,,,
2026-04-13,823400,695734,Daylen Lile,Daylen,Lile,4,2002-11-30,23,"5' 11""",195,Outfielder,Left,Right,WSH,"2-4 | K, R",,4,2,0,0,0,0,1,1,0,0,0,0,4,,,,,,,,,,
2026-04-13,823400,677588,José Tena,José,Tena,8,2001-03-20,25,"5' 10""",195,Third Base,Left,Right,WSH,"1-3 | HBP, R",,3,1,0,0,0,0,1,0,0,0,0,0,4,,,,,,,,,,
2026-04-13,823400,672335,Cionel Pérez,Cionel,Pérez,51,1996-04-21,29,"6' 0""",175,Pitcher,Right,Left,WSH,,,,,,,,,,,,,,,,,,,,,,,,,
2026-04-13,823400,695578,James Wood,James,Wood,29,2002-09-17,23,"6' 6""",234,Outfielder,Left,Right,WSH,"1-3 | BB, 2 K",,3,1,0,0,0,0,0,2,1,0,0,0,4,,,,,,,,,,
2026-04-13,823400,676917,Cade Cavalli,Steven,Cavalli,24,1998-08-14,27,"6' 4""",223,Pitcher,Right,Right,WSH,"1.1 IP, 4 ER, 2 K, 3 BB",,,,,,,,,,,,,,,1.1,4,3,0,2,3,48,0,1,0
2026-04-13,823400,696285,Jacob Young,Jacob,Young,30,1999-07-27,26,"5' 11""",192,Outfielder,Right,Right,WSH,"1-4 | HR, K, 2 RBI",,4,1,0,0,1,2,1,1,0,0,0,0,4,,,,,,,,,,
2026-04-13,823400,663623,Jake Irvin,Jacob,Irvin,27,1997-02-18,29,"6' 6""",234,Pitcher,Right,Right,WSH,,,,,,,,,,,,,,,,,,,,,,,,,
2026-04-13,823400,687377,Orlando Ribalta,Orlando,Ribalta,64,1998-03-05,28,"6' 7""",245,Pitcher,Right,Right,WSH,"1.0 IP, 0 ER, 0 K, 0 BB",,,,,,,,,,,,,,,1.0,0,0,0,0,0,14,0,0,0
2026-04-13,823400,681402,Gus Varland,Augustus,Varland,47,1996-11-06,29,"6' 1""",225,Pitcher,Left,Right,WSH,,,,,,,,,,,,,,,,,,,,,,,,,
2026-04-13,823400,641793,Zack Littell,Zack,Littell,18,1995-10-05,30,"6' 4""",250,Pitcher,Right,Right,WSH,,,,,,,,,,,,,,,,,,,,,,,,,
2026-04-13,823400,687606,Paxton Schultz,Paxton,Schultz,75,1998-01-05,28,"6' 3""",205,Pitcher,Left,Right,WSH,"2.2 IP, ER, 4 K, 0 BB",,,,,,,,,,,,,,,2.2,1,2,1,4,0,35,0,0,0
2026-04-13,823400,660688,Keibert Ruiz,Keibert,Ruiz,20,1998-07-20,27,"5' 11""",238,Catcher,Switch,Right,WSH,0-4 | K,,4,0,0,0,0,0,0,1,0,0,0,0,4,,,,,,,,,,
2026-04-13,823400,656492,Foster Griffin,Fred,Griffin,22,1995-07-27,30,"6' 3""",225,Pitcher,Right,Left,WSH,,,,,,,,,,,,,,,,,,,,,,,,,
2026-04-13,823400,671131,Jackson Rutledge,Jackson,Rutledge,44,1999-04-01,27,"6' 8""",241,Pitcher,Right,Right,WSH,"1.1 IP, 7 ER, 2 K, 2 BB",,,,,,,,,,,,,,,1.1,7,6,0,2,2,44,0,0,0
2026-04-13,823400,671277,Luis García Jr.,Luis,García,2,2000-05-16,25,"6' 1""",216,Second Base,Left,Right,WSH,0-5 | 3 K,,5,0,0,0,0,0,0,3,0,0,0,0,5,,,,,,,,,,
2026-04-13,823481,669016,Brandon Marsh,Brandon,Marsh,16,1997-12-18,28,"6' 2""",215,Outfielder,Left,Right,PHI,"3-4 | 2B, BB, 2 RBI",,4,3,1,0,0,2,2,0,1,1,0,0,5,,,,,,,,,,
2026-04-13,823481,666200,Jesús Luzardo,Jesús,Luzardo,44,1997-09-30,28,"6' 0""",218,Pitcher,Left,Left,PHI,,,,,,,,,,,,,,,,,,,,,,,,,
2026-04-13,823481,621237,José Alvarado,José,Alvarado,46,1995-05-21,30,"6' 2""",245,Pitcher,Left,Left,PHI,,,,,,,,,,,,,,,,,,,,,,,,,
2026-04-13,823481,702222,Justin Crawford,Justin,Crawford,2,2004-01-13,22,"6' 2""",188,Outfielder,Left,Right,PHI,0-5 | 2 K,,5,0,0,0,0,0,0,2,0,0,0,0,5,,,,,,,,,,
2026-04-13,823481,650911,Cristopher Sánchez,Cristopher,Sánchez,61,1996-12-12,29,"6' 6""",200,Pitcher,Left,Left,PHI,"6.0 IP, 2 ER, 8 K, 3 BB",,,,,,,,,,,,,,,6.0,2,6,1,8,3,96,1,0,0
2026-04-13,823481,547180,Bryce Harper,Bryce,Harper,3,1992-10-16,33,"6' 1""",210,First Base,Left,Right,PHI,"1-3 | BB, 2 R",,3,1,0,0,0,0,2,0,1,0,0,0,4,,,,,,,,,,
2026-04-13,823481,592663,J.T. Realmuto,Jacob,Realmuto,10,1991-03-18,35,"6' 0""",212,Catcher,Right,Right,PHI,3-5 | 3 RBI,,5,3,0,0,0,3,0,0,0,0,0,0,5,,,,,,,,,,
2026-04-13,823481,624641,Edmundo Sosa,Edmundo,Sosa,33,1996-03-06,30,"5' 11""",210,Second Base,Right,Right,PHI,1-1 | R,,1,1,0,0,0,0,1,0,0,0,0,0,1,,,,,,,,,,
2026-04-13,823481,661395,Jhoan Duran,Jhoan,Duran,59,1998-01-08,28,"6' 5""",230,Pitcher,Right,Right,PHI,,,,,,,,,,,,,,,,,,,,,,,,,
2026-04-13,823481,686751,Seth Johnson,Seth,Johnson,51,1998-09-19,27,"6' 1""",205,Pitcher,Right,Right,PHI,"1.2 IP, 3 ER, K, 2 BB",,,,,,,,,,,,,,,1.2,3,4,0,1,2,50,0,0,0
2026-04-13,823481,689147,Orion Kerkering,Richard,Kerkering,50,2001-04-04,25,"6' 2""",204,Pitcher,Right,Right,PHI,"1.1 IP, 0 ER, 3 K, 0 BB",,,,,,,,,,,,,,,1.1,0,1,0,3,0,18,0,0,0
2026-04-13,823481,664761,Alec Bohm,Alec,Bohm,28,1996-08-03,29,"6' 4""",218,Third Base,Right,Right,PHI,"1-4 | K, 2 RBI",,4,1,0,0,0,2,0,1,0,0,0,0,5,,,,,,,,,,
2026-04-13,823481,641835,Tim Mayza,Timothy,Mayza,37,1992-01-15,34,"6' 3""",215,Pitcher,Left,Left,PHI,,,,,,,,,,,,,,,,,,,,,,,,,
2026-04-13,823481,681082,Bryson Stott,Bryson,Stott,5,1997-10-06,28,"6' 0""",200,Second Base,Left,Right,PHI,"1-4 | BB, RBI, R",,4,1,0,0,0,1,1,0,1,0,0,0,5,,,,,,,,,,
2026-04-13,823481,656941,Kyle Schwarber,Kyle,Schwarber,12,1993-03-05,33,"5' 11""",229,Outfielder,Left,Right,PHI,"2-3 | 2 HR, BB, HBP",,3,2,0,0,2,3,4,0,1,0,0,0,5,,,,,,,,,,
2026-04-13,823481,805249,Otto Kemp,Otto,Kemp,4,1999-09-09,26,"5' 11""",185,Outfield,Right,Right,PHI,0-0 | BB,,0,0,0,0,0,0,0,0,1,0,0,0,1,,,,,,,,,,
2026-04-13,823481,647315,Zach Pop,Zachery,Pop,56,1996-09-20,29,"6' 4""",220,Pitcher,Right,Right,PHI,,,,,,,,,,,,,,,,,,,,,,,,,
2026-04-13,823481,592836,Taijuan Walker,Taijuan,Walker,99,1992-08-13,33,"6' 4""",235,Pitcher,Right,Right,PHI,,,,,,,,,,,,,,,,,,,,,,,,,
2026-04-13,823481,665561,Rafael Marchán,Rafael,Marchán,13,1999-02-25,27,"5' 9""",170,Catcher,Switch,Right,PHI,,,,,,,,,,,,,,,,,,,,,,,,,
2026-04-13,823481,664238,Dylan Moore,Dylan,Moore,25,1992-08-02,33,"6' 1""",205,Second Base,Right,Right,PHI,0-1 | K,,1,0,0,0,0,0,0,1,0,0,0,0,1,,,,,,,,,,
2026-04-13,823481,621383,Tanner Banks,Tanner,Banks,58,1991-10-24,34,"6' 1""",205,Pitcher,Right,Left,PHI,,,,,,,,,,,,,,,,,,,,,,,,,
2026-04-13,823481,666969,Adolis García,Jose,García,53,1993-03-02,33,"6' 0""",205,Outfielder,Right,Right,PHI,"2-4 | 2B, K, RBI",,4,2,1,0,0,1,2,1,0,0,0,0,4,,,,,,,,,,
2026-04-13,823481,605400,Aaron Nola,Aaron,Nola,27,1993-06-04,32,"6' 2""",200,Pitcher,Right,Right,PHI,,,,,,,,,,,,,,,,,,,,,,,,,
2026-04-13,823481,641745,Brad Keller,Brad,Keller,40,1995-07-27,30,"6' 5""",255,Pitcher,Right,Right,PHI,,,,,,,,,,,,,,,,,,,,,,,,,
2026-04-13,823481,607208,Trea Turner,Trea,Turner,7,1993-06-30,32,"6' 1""",185,Shortstop,Right,Right,PHI,1-4 | R,,4,1,0,0,0,0,1,0,0,0,0,0,4,,,,,,,,,,
2026-04-13,823481,691725,Andrew Painter,Andrew,Painter,24,2003-04-10,23,"6' 7""",215,Pitcher,Right,Right,PHI,,,,,,,,,,,,,,,,,,,,,,,,,
2026-04-13,823481,694037,Daniel Palencia,Daniel,Palencia,48,2000-02-05,26,"5' 11""",160,Pitcher,Right,Right,CHC,,,,,,,,,,,,,,,,,,,,,,,,,
2026-04-13,823481,624424,Michael Conforto,Michael,Conforto,20,1993-03-01,33,"5' 11""",215,Outfielder,Left,Right,CHC,0-1 | K,,1,0,0,0,0,0,0,1,0,0,0,0,1,,,,,,,,,,
2026-04-13,823481,571948,Hoby Milner,Hoby,Milner,41,1991-01-13,35,"6' 3""",187,Pitcher,Left,Left,CHC,,,,,,,,,,,,,,,,,,,,,,,,,
2026-04-13,823481,702303,Riley Martin,Riley,Martin,51,1998-03-19,28,"6' 1""",215,Pitcher,Left,Left,CHC,,,,,,,,,,,,,,,,,,,,,,,,,
2026-04-13,823481,664023,Ian Happ,Ian,Happ,8,1994-08-12,31,"5' 10""",205,Outfielder,Switch,Right,CHC,"2-5 | 2B, 2 K, R",,5,2,1,0,0,0,1,2,0,0,0,1,5,,,,,,,,,,
2026-04-13,823481,665795,Edward Cabrera,Edward,Cabrera,30,1998-04-13,28,"6' 5""",217,Pitcher,Right,Right,CHC,,,,,,,,,,,,,,,,,,,,,,,,,
2026-04-13,823481,681799,Ethan Roberts,Ethan,Roberts,39,1997-07-04,28,"5' 10""",180,Pitcher,Right,Right,CHC,,,,,,,,,,,,,,,,,,,,,,,,,
2026-04-13,823481,664068,Scott Kingery,Scott,Kingery,12,1994-04-29,31,"5' 9""",180,Second Base,Right,Right,CHC,0-2,,2,0,0,0,0,0,0,0,0,0,0,0,2,,,,,,,,,,
2026-04-13,823481,665871,Javier Assad,Javier,Assad,72,1997-07-30,28,"6' 1""",200,Pitcher,Right,Right,CHC,"4.1 IP, 9 ER, 3 K, 2 BB",,,,,,,,,,,,,,,4.1,9,11,2,3,2,82,0,1,0
2026-04-13,823481,573204,Caleb Thielbar,Caleb,Thielbar,24,1987-01-31,39,"6' 0""",205,Pitcher,Right,Left,CHC,,,,,,,,,,,,,,,,,,,,,,,,,
2026-04-13,823481,684007,Shota Imanaga,Shota,Imanaga,18,1993-09-01,32,"5' 10""",175,Pitcher,Left,Left,CHC,,,,,,,,,,,,,,,,,,,,,,,,,
2026-04-13,823481,608324,Alex Bregman,Alexander,Bregman,3,1994-03-30,32,"5' 10""",190,Third Base,Right,Right,CHC,"1-4 | BB, K",,4,1,0,0,0,0,0,1,1,0,0,0,5,,,,,,,,,,
2026-04-13,823481,608348,Carson Kelly,Carson,Kelly,15,1994-07-14,31,"6' 1""",212,Catcher,Right,Right,CHC,"1-2 | BB, R",,2,1,0,0,0,0,1,0,1,0,0,0,3,,,,,,,,,,
2026-04-13,823481,683737,Michael Busch,Michael,Busch,29,1997-11-09,28,"5' 11""",210,First Base,Left,Right,CHC,,,,,,,,,,,,,,,,,,,,,,,,,
2026-04-13,823481,592791,Jameson Taillon,Jameson,Taillon,50,1991-11-18,34,"6' 5""",230,Pitcher,Right,Right,CHC,,,,,,,,,,,,,,,,,,,,,,,,,
2026-04-13,823481,691718,Pete Crow-Armstrong,Pete,Crow-Armstrong,4,2002-03-25,24,"6' 0""",184,Outfielder,Left,Left,CHC,"1-5 | 2 K, RBI, R",,5,1,0,0,0,1,1,2,0,0,0,0,5,,,,,,,,,,
2026-04-13,823481,657097,Jacob Webb,Jacob,Webb,71,1993-08-15,32,"6' 2""",210,Pitcher,Right,Right,CHC,"0.2 IP, 0 ER, K, 0 BB",,,,,,,,,,,,,,,0.2,0,0,0,1,0,8,0,0,0
2026-04-13,823481,665804,Miguel Amaya,Miguel,Amaya,9,1999-03-09,27,"6' 1""",230,Catcher,Right,Right,CHC,"2-4 | HBP, 2 K, R",,4,2,0,0,0,0,1,2,0,0,0,0,5,,,,,,,,,,
2026-04-13,823481,694208,Moisés Ballesteros,Moisés,Ballesteros,25,2003-11-08,22,"5' 8""",195,Catcher,Left,Right,CHC,"2-2 | 2B, RBI, R",,2,2,1,0,0,1,1,0,0,0,0,0,2,,,,,,,,,,
2026-04-13,823481,673548,Seiya Suzuki,Seiya,Suzuki,27,1994-08-18,31,"5' 11""",182,Outfielder,Right,Right,CHC,"1-4 | BB, RBI",,4,1,0,0,0,1,0,0,1,0,0,1,5,,,,,,,,,,
2026-04-13,823481,621020,Dansby Swanson,James,Swanson,7,1994-02-11,32,"6' 0""",190,Shortstop,Right,Right,CHC,"1-3 | HR, BB, K",,3,1,0,0,1,2,2,1,1,0,0,0,4,,,,,,,,,,
2026-04-13,823481,607067,Colin Rea,Colin,Rea,53,1990-07-01,35,"6' 5""",220,Pitcher,Right,Right,CHC,,,,,,,,,,,,,,,,,,,,,,,,,
2026-04-13,823481,656212,Charlie Barnes,Charles,Barnes,58,1995-10-01,30,"6' 2""",190,Pitcher,Left,Left,CHC,"3.0 IP, 3 ER, K, 3 BB",,,,,,,,,,,,,,,3.0,3,4,0,1,3,62,0,0,0
2026-04-13,823481,663538,Nico Hoerner,Nicholas,Hoerner,2,1997-05-13,28,"5' 11""",200,Second Base,Right,Right,CHC,0-3 | 2 K,,3,0,0,0,0,0,0,2,0,0,0,0,3,,,,,,,,,,
2026-04-13,823481,676962,Ben Brown,Benjamin,Brown,32,1999-09-09,26,"6' 6""",210,Pitcher,Right,Right,CHC,,,,,,,,,,,,,,,,,,,,,,,,,
2026-04-13,823481,807713,Matt Shaw,Matthew,Shaw,6,2001-11-06,24,"5' 10""",185,Third Base,Right,Right,CHC,"0-3 | BB, K",,3,0,0,0,0,0,0,1,1,0,0,0,4,,,,,,,,,,
2026-04-13,823563,621112,Paul Blackburn,Paul,Blackburn,58,1993-12-04,32,"6' 1""",196,Pitcher,Right,Right,NYY,"1.0 IP, 0 ER, 0 K, 0 BB",,,,,,,,,,,,,,,1.0,0,0,0,0,0,6,1,0,0
2026-04-13,823563,676609,José Caballero,José,Caballero,72,1996-08-30,29,"5' 9""",190,Shortstop,Right,Right,NYY,"2-5 | HR, 2B, 2 RBI",,5,2,1,0,1,2,2,0,0,1,0,0,5,,,,,,,,,,
2026-04-13,823563,642232,Ryan Yarbrough,Ryan,Yarbrough,33,1991-12-31,34,"6' 5""",205,Pitcher,Right,Left,NYY,,,,,,,,,,,,,,,,,,,,,,,,,
2026-04-13,823563,642708,Amed Rosario,German,Rosario,14,1995-11-20,30,"6' 1""",227,Third Base,Right,Right,NYY,1-2,,2,1,0,0,0,0,0,0,0,0,0,0,2,,,,,,,,,,
2026-04-13,823563,545341,Randal Grichuk,Randal,Grichuk,34,1991-08-13,34,"6' 0""",210,Outfielder,Right,Right,NYY,"0-1 | BB, R",,1,0,0,0,0,0,1,0,1,0,0,0,2,,,,,,,,,,
2026-04-13,823563,641857,Ryan McMahon,Ryan,McMahon,19,1994-12-14,31,"6' 2""",211,Third Base,Left,Right,NYY,0-2 | BB,,2,0,0,0,0,0,0,0,1,0,0,0,3,,,,,,,,,,
2026-04-13,823563,592450,Aaron Judge,Aaron,Judge,99,1992-04-26,33,"6' 7""",282,Outfielder,Right,Right,NYY,"2-5 | 2 HR, K, 3 RBI",,5,2,0,0,2,3,2,1,0,0,0,0,5,,,,,,,,,,
2026-04-13,823563,677960,Ryan Weathers,Ryan,Weathers,40,1999-12-17,26,"6' 1""",230,Pitcher,Right,Left,NYY,,,,,,,,,,,,,,,,,,,,,,,,,
2026-04-13,823563,657612,Tim Hill,Timothy,Hill,41,1990-02-10,36,"6' 4""",210,Pitcher,Right,Left,NYY,"1.2 IP, ER, 0 K, 0 BB",,,,,,,,,,,,,,,1.2,1,3,0,0,0,21,0,0,0
2026-04-13,823563,502671,Paul Goldschmidt,Paul,Goldschmidt,48,1987-09-10,38,"6' 2""",225,First Base,Right,Right,NYY,"1-2 | 2B, BB, K",,2,1,1,0,0,0,1,1,1,0,0,0,3,,,,,,,,,,
2026-04-13,823563,669224,Austin Wells,Austin,Wells,28,1999-07-12,26,"6' 1""",220,Catcher,Left,Right,NYY,1-3 | 2 BB,,3,1,0,0,0,0,0,0,2,0,0,0,5,,,,,,,,,,
2026-04-13,823563,700250,Ben Rice,Benjamin,Rice,22,1999-02-22,27,"6' 2""",228,First Base,Left,Right,NYY,"1-2 | BB, K, R",,2,1,0,0,0,0,1,1,1,0,0,0,3,,,,,,,,,,
2026-04-13,823563,687396,Brent Headrick,Brent,Headrick,47,1997-12-17,28,"6' 6""",235,Pitcher,Left,Left,NYY,,,,,,,,,,,,,,,,,,,,,,,,,
2026-04-13,823563,701542,Will Warren,William,Warren,29,1999-06-16,26,"6' 2""",200,Pitcher,Right,Right,NYY,"3.2 IP, 0 ER, 6 K, BB",,,,,,,,,,,,,,,3.2,0,3,0,6,1,89,0,0,0
2026-04-13,823563,518585,Fernando Cruz,Fernando,Cruz,63,1990-03-28,36,"6' 2""",237,Pitcher,Right,Right,NYY,"0.1 IP, 0 ER, 0 K, 2 BB",,,,,,,,,,,,,,,0.1,0,0,0,0,2,18,0,0,0
2026-04-13,823563,641555,J.C. Escarra,Juan,Escarra,25,1995-04-24,30,"6' 2""",220,Catcher,Left,Right,NYY,,,,,,,,,,,,,,,,,,,,,,,,,
2026-04-13,823563,641355,Cody Bellinger,Cody,Bellinger,35,1995-07-13,30,"6' 3""",204,Outfielder,Left,Left,NYY,1-5,,5,1,0,0,0,0,0,0,0,0,0,0,5,,,,,,,,,,
2026-04-13,823563,519317,Giancarlo Stanton,Giancarlo,Stanton,27,1989-11-08,36,"6' 5""",245,Designated Hitter,Right,Right,NYY,"2-4 | 2B, BB, 2 K",,4,2,1,0,0,0,1,2,1,0,0,0,5,,,,,,,,,,
2026-04-13,823563,665862,Jazz Chisholm Jr.,Jasrado,Chisholm,13,1998-02-01,28,"5' 11""",184,Second Base,Left,Right,NYY,"1-5 | 2 K, R",,5,1,0,0,0,0,1,2,0,0,0,0,5,,,,,,,,,,
2026-04-13,823563,608331,Max Fried,Max,Fried,54,1994-01-18,32,"6' 4""",190,Pitcher,Left,Left,NYY,,,,,,,,,,,,,,,,,,,,,,,,,
2026-04-13,823563,661563,Luis Gil,Luis,Gil,81,1998-06-03,27,"6' 3""",215,Pitcher,Right,Right,NYY,,,,,,,,,,,,,,,,,,,,,,,,,
2026-04-13,823563,656234,Jake Bird,Jacob,Bird,59,1995-12-04,30,"6' 3""",215,Pitcher,Right,Right,NYY,"1.0 IP, 3 ER, K, 0 BB",,,,,,,,,,,,,,,1.0,3,4,1,1,0,29,0,0,0
2026-04-13,823563,666808,Camilo Doval,Camilo,Doval,75,1997-07-04,28,"6' 2""",205,Pitcher,Right,Right,NYY,"1.1 IP, 2 ER, K, 0 BB",,,,,,,,,,,,,,,1.1,2,2,1,1,0,26,0,0,0
2026-04-13,823563,663757,Trent Grisham,Trenton,Grisham,12,1996-11-01,29,"5' 10""",221,Outfielder,Left,Left,NYY,"2-3 | 2 HR, 5 RBI, 2 R",,3,2,0,0,2,5,2,0,0,0,0,0,3,,,,,,,,,,
2026-04-13,823563,670280,David Bednar,David,Bednar,53,1994-10-10,31,"6' 1""",250,Pitcher,Left,Right,NYY,,,,,,,,,,,,,,,,,,,,,,,,,
2026-04-13,823563,693645,Cam Schlittler,Cameron,Schlittler,31,2001-02-05,25,"6' 6""",215,Pitcher,Right,Right,NYY,,,,,,,,,,,,,,,,,,,,,,,,,
2026-04-13,823563,624428,Adam Frazier,Adam,Frazier,20,1991-12-14,34,"5' 10""",190,Second Base,Left,Right,LAA,"2-3 | BB, K, 2 R",,3,2,0,0,0,0,2,1,1,0,0,0,4,,,,,,,,,,
2026-04-13,823563,672724,Oswald Peraza,Oswald,Peraza,2,2000-06-15,25,"5' 11""",200,Third Base,Right,Right,LAA,0-0,,0,0,0,0,0,0,0,0,0,0,0,0,0,,,,,,,,,,
2026-04-13,823563,687263,Zach Neto,Zachary,Neto,9,2001-01-31,25,"5' 11""",185,Shortstop,Right,Right,LAA,"1-4 | BB, 3 K, RBI",,4,1,0,0,0,1,1,3,1,0,0,0,5,,,,,,,,,,
2026-04-13,823563,680704,Nick Sandlin,Nick,Sandlin,52,1997-01-10,29,"5' 11""",175,Pitcher,Right,Right,LAA,,,,,,,,,,,,,,,,,,,,,,,,,
2026-04-13,823563,624585,Jorge Soler,Jorge,Soler,12,1992-02-25,34,"6' 3""",235,Outfielder,Right,Right,LAA,"2-5 | 2B, 2 K, RBI",,5,2,1,0,0,1,1,2,0,0,0,0,5,,,,,,,,,,
2026-04-13,823563,660162,Yoán Moncada,Yoán,Moncada,10,1995-05-27,30,"6' 0""",220,Third Base,Switch,Right,LAA,"2-5 | 2 K, R",,5,2,0,0,0,0,1,2,0,0,0,0,5,,,,,,,,,,
2026-04-13,823563,518595,Travis d'Arnaud,Travis,d'Arnaud,25,1989-02-10,37,"6' 0""",210,Catcher,Right,Right,LAA,,,,,,,,,,,,,,,,,,,,,,,,,
2026-04-13,823563,681217,Chase Silseth,Chase,Silseth,63,2000-05-18,25,"6' 0""",217,Pitcher,Right,Right,LAA,,,,,,,,,,,,,,,,,,,,,,,,,
2026-04-13,823563,667755,José Soriano,José,Soriano,59,1998-10-20,27,"6' 3""",220,Pitcher,Right,Right,LAA,,,,,,,,,,,,,,,,,,,,,,,,,
2026-04-13,823563,686799,Jack Kochanowicz,Jack,Kochanowicz,41,2000-12-22,25,"6' 7""",228,Pitcher,Left,Right,LAA,,,,,,,,,,,,,,,,,,,,,,,,,
2026-04-13,823563,815083,Mitch Farris,Mitchell,Farris,70,2001-02-14,25,"6' 2""",195,Pitcher,Left,Left,LAA,"1.1 IP, 0 ER, K, 0 BB",,,,,,,,,,,,,,,1.1,0,2,0,1,0,33,0,0,0
2026-04-13,823563,545361,Mike Trout,Michael,Trout,27,1991-08-07,34,"6' 1""",235,Outfielder,Right,Right,LAA,"2-5 | 2 HR, 5 RBI, 3 R",,5,2,0,0,2,5,3,0,0,0,0,0,5,,,,,,,,,,
2026-04-13,823563,519141,Drew Pomeranz,Thomas,Pomeranz,13,1988-11-22,37,"6' 5""",246,Pitcher,Right,Left,LAA,"1.0 IP, 0 ER, 2 K, 0 BB",,,,,,,,,,,,,,,1.0,0,1,0,2,0,12,0,0,0
2026-04-13,823563,666176,Jo Adell,Jordon,Adell,7,1999-04-08,27,"6' 2""",215,Outfielder,Right,Right,LAA,"2-4 | 2B, HBP, RBI",,4,2,1,0,0,1,1,0,0,0,0,1,5,,,,,,,,,,
2026-04-13,823563,687093,Vaughn Grissom,Vaughn,Grissom,5,2001-01-05,25,"6' 2""",210,Second Base,Right,Right,LAA,,,,,,,,,,,,,,,,,,,,,,,,,
2026-04-13,823563,696147,Sam Bachman,Samuel,Bachman,40,1999-09-30,26,"6' 1""",235,Pitcher,Right,Right,LAA,,,,,,,,,,,,,,,,,,,,,,,,,
2026-04-13,823563,666171,Ryan Zeferjahn,Ryan,Zeferjahn,56,1998-02-28,28,"6' 5""",209,Pitcher,Right,Right,LAA,,,,,,,,,,,,,,,,,,,,,,,,,
2026-04-13,823563,694384,Nolan Schanuel,Nolan,Schanuel,18,2002-02-14,24,"6' 2""",220,First Base,Left,Right,LAA,0-5,,5,0,0,0,0,0,0,0,0,0,0,0,5,,,,,,,,,,
2026-04-13,823563,666139,Josh Lowe,Joshua,Lowe,3,1998-02-02,28,"6' 3""",220,Outfielder,Left,Right,LAA,"0-3 | BB, RBI, R",,3,0,0,0,0,1,1,0,1,0,0,0,5,,,,,,,,,,
2026-04-13,823563,641312,Shaun Anderson,Shaun,Anderson,64,1994-10-29,31,"6' 6""",228,Pitcher,Right,Right,LAA,"2.1 IP, 4 ER, K, BB",,,,,,,,,,,,,,,2.1,4,4,2,1,1,49,0,0,0
2026-04-13,823563,579328,Yusei Kikuchi,Yusei,Kikuchi,16,1991-06-17,34,"6' 0""",210,Pitcher,Left,Left,LAA,"3.1 IP, 4 ER, 3 K, 4 BB",,,,,,,,,,,,,,,3.1,4,4,2,3,4,82,0,0,0
2026-04-13,823563,669326,Bryce Teodosio,Bryce,Teodosio,22,1999-06-18,26,"6' 2""",220,Outfielder,Right,Left,LAA,0-0,,0,0,0,0,0,0,0,0,0,0,0,0,0,,,,,,,,,,
2026-04-13,823563,681351,Logan O'Hoppe,Logan,O'Hoppe,14,2000-02-09,26,"6' 2""",225,Catcher,Right,Right,LAA,1-4 | RBI,,4,1,0,0,0,1,0,0,0,0,0,0,4,,,,,,,,,,
2026-04-13,823563,672282,Reid Detmers,Reid,Detmers,48,1999-07-08,26,"6' 2""",210,Pitcher,Left,Left,LAA,,,,,,,,,,,,,,,,,,,,,,,,,
2026-04-13,823563,605447,Jordan Romano,Jordan,Romano,68,1993-04-21,32,"6' 5""",210,Pitcher,Right,Right,LAA,"0.0 IP, 3 ER, 0 K, 2 BB",,,,,,,,,,,,,,,0.0,3,3,1,0,2,25,0,1,0
2026-04-13,823563,608718,Brent Suter,Brent,Suter,37,1989-08-29,36,"6' 4""",213,Pitcher,Left,Left,LAA,,,,,,,,,,,,,,,,,,,,,,,,,
2026-04-13,824937,641680,Jonah Heim,Jonah,Heim,20,1995-06-27,30,"6' 4""",220,Catcher,Switch,Right,ATL,,,,,,,,,,,,,,,,,,,,,,,,,
2026-04-13,824937,669276,Dylan Lee,Dylan,Lee,52,1994-08-01,31,"6' 3""",214,Pitcher,Left,Left,ATL,,,,,,,,,,,,,,,,,,,,,,,,,
2026-04-13,824937,663158,Robert Suarez,Robert,Suarez,75,1991-03-01,35,"6' 2""",210,Pitcher,Right,Right,ATL,,,,,,,,,,,,,,,,,,,,,,,,,
2026-04-13,824937,671739,Michael Harris II,Michael,Harris,23,2001-03-07,25,"5' 11""",195,Outfielder,Left,Left,ATL,"2-3 | BB, K",,3,2,0,0,0,0,0,1,1,0,0,0,4,,,,,,,,,,
2026-04-13,824937,622761,Jorge Mateo,Jorge,Mateo,2,1995-06-23,30,"6' 0""",200,Shortstop,Right,Right,ATL,0-1 | K,,1,0,0,0,0,0,0,1,0,0,0,0,1,,,,,,,,,,
2026-04-13,824937,643289,Mauricio Dubón,Mauricio,Dubón,14,1994-07-19,31,"5' 11""",173,Second Base,Right,Right,ATL,0-2 | 2 BB,,2,0,0,0,0,0,0,0,2,0,0,0,4,,,,,,,,,,
2026-04-13,824937,660761,José Suarez,José,Suarez,54,1998-01-03,28,"5' 10""",225,Pitcher,Left,Left,ATL,"2.0 IP, ER, K, 0 BB",,,,,,,,,,,,,,,2.0,1,4,0,1,0,34,0,0,0
2026-04-13,824937,686948,Drake Baldwin,Drake,Baldwin,30,2001-03-28,25,"6' 0""",225,Catcher,Left,Right,ATL,"1-4 | BB, K, R",,4,1,0,0,0,0,1,1,1,0,0,0,5,,,,,,,,,,
2026-04-13,824937,606303,Joel Payamps,Joel,Payamps,34,1994-04-07,32,"6' 3""",214,Pitcher,Right,Right,ATL,,,,,,,,,,,,,,,,,,,,,,,,,
2026-04-13,824937,519242,Chris Sale,Christopher,Sale,51,1989-03-30,37,"6' 6""",180,Pitcher,Left,Left,ATL,,,,,,,,,,,,,,,,,,,,,,,,,
2026-04-13,824937,674370,Osvaldo Bido,Osvaldo,Bido,70,1995-10-18,30,"6' 3""",175,Pitcher,Right,Right,ATL,,,,,,,,,,,,,,,,,,,,,,,,,
2026-04-13,824937,621566,Matt Olson,Matthew,Olson,28,1994-03-29,32,"6' 4""",225,First Base,Left,Right,ATL,"2-5 | 2 K, R",,5,2,0,0,0,0,1,2,0,0,0,0,5,,,,,,,,,,
2026-04-13,824937,642086,Dominic Smith,Dominic,Smith,8,1995-06-15,30,"5' 11""",224,First Base,Left,Left,ATL,"1-3 | 2B, 2 K, RBI",,3,1,1,0,0,1,0,2,0,0,0,0,4,,,,,,,,,,
2026-04-13,824937,660670,Ronald Acuña Jr.,Ronald,Acuña,13,1997-12-18,28,"6' 0""",205,Outfielder,Right,Right,ATL,"1-4 | BB, 2 K, R",,4,1,0,0,0,0,1,2,1,0,0,0,5,,,,,,,,,,
2026-04-13,824937,571657,Kyle Farmer,James,Farmer,15,1990-08-17,35,"5' 11""",205,Second Base,Right,Right,ATL,0-1,,1,0,0,0,0,0,0,0,0,0,0,0,1,,,,,,,,,,
2026-04-13,824937,641755,Tyler Kinley,Tyler,Kinley,45,1991-01-31,35,"6' 4""",220,Pitcher,Right,Right,ATL,,,,,,,,,,,,,,,,,,,,,,,,,
2026-04-13,824937,607481,Aaron Bummer,Aaron,Bummer,49,1993-09-21,32,"6' 3""",215,Pitcher,Left,Left,ATL,"1.0 IP, 3 ER, 2 K, 0 BB",,,,,,,,,,,,,,,1.0,3,4,1,2,0,22,0,1,0
2026-04-13,824937,642201,Eli White,Elijah,White,36,1994-06-26,31,"6' 2""",195,Outfielder,Right,Right,ATL,,,,,,,,,,,,,,,,,,,,,,,,,
2026-04-13,824937,645277,Ozzie Albies,Ozhaino,Albies,1,1997-01-07,29,"5' 7""",165,Second Base,Switch,Right,ATL,"0-3 | BB, K",,3,0,0,0,0,0,0,1,1,0,0,0,4,,,,,,,,,,
2026-04-13,824937,628452,Raisel Iglesias,Raisel,Iglesias,26,1990-01-04,36,"6' 2""",190,Pitcher,Right,Right,ATL,,,,,,,,,,,,,,,,,,,,,,,,,
2026-04-13,824937,663586,Austin Riley,Michael,Riley,27,1997-04-02,29,"6' 1""",225,Third Base,Right,Right,ATL,"1-5 | 2 RBI, R, SB",,5,1,0,0,0,2,1,0,0,1,0,1,5,,,,,,,,,,
2026-04-13,824937,656550,Grant Holmes,Harrison,Holmes,66,1996-03-22,30,"6' 0""",226,Pitcher,Left,Right,ATL,"4.0 IP, 3 ER, 3 K, 2 BB",,,,,,,,,,,,,,,4.0,3,3,0,3,2,59,0,0,0
2026-04-13,824937,573262,Mike Yastrzemski,Michael,Yastrzemski,18,1990-08-23,35,"5' 10""",180,Outfielder,Left,Left,ATL,"1-2 | RBI, SB",,2,1,0,0,0,1,0,0,0,1,0,0,2,,,,,,,,,,
2026-04-13,824937,691548,Rolddy Muñoz,Rolddy,Muñoz,67,2000-04-14,26,"6' 2""",183,Pitcher,Right,Right,ATL,"2.0 IP, 3 ER, 3 K, BB",,,,,,,,,,,,,,,2.0,3,5,1,3,1,49,0,0,0
2026-04-13,824937,693821,Bryce Elder,Bryce,Elder,55,1999-05-19,26,"6' 2""",220,Pitcher,Right,Right,ATL,,,,,,,,,,,,,,,,,,,,,,,,,
2026-04-13,824937,669199,Lake Bachar,Lake,Bachar,84,1995-06-03,30,"6' 2""",219,Pitcher,Right,Right,MIA,"2.0 IP, 0 ER, 4 K, BB",,,,,,,,,,,,,,,2.0,0,1,0,4,1,35,0,0,0
2026-04-13,824937,681715,Heriberto Hernández,Heriberto,Hernandez,13,1999-12-16,26,"5' 11""",195,Outfielder,Right,Right,MIA,"2-5 | K, R, SB",,5,2,0,0,0,0,1,1,0,1,0,0,5,,,,,,,,,,
2026-04-13,824937,664126,Pete Fairbanks,Peter,Fairbanks,29,1993-12-16,32,"6' 6""",235,Pitcher,Right,Right,MIA,,,,,,,,,,,,,,,,,,,,,,,,,
2026-04-13,824937,645261,Sandy Alcantara,Sandy,Alcantara,22,1995-09-07,30,"6' 5""",200,Pitcher,Right,Right,MIA,,,,,,,,,,,,,,,,,,,,,,,,,
2026-04-13,824937,663969,Tyler Phillips,Tyler,Phillips,30,1997-10-27,28,"6' 5""",225,Pitcher,Right,Right,MIA,,,,,,,,,,,,,,,,,,,,,,,,,
2026-04-13,824937,805300,Jakob Marsee,Jakob,Marsee,87,2001-06-28,24,"6' 0""",180,Outfielder,Left,Left,MIA,"1-4 | BB, 2 R, SB",,4,1,0,0,0,0,2,0,1,1,0,0,5,,,,,,,,,,
2026-04-13,824937,676534,Calvin Faucher,Calvin,Faucher,53,1995-09-22,30,"6' 1""",190,Pitcher,Right,Right,MIA,"0.2 IP, 0 ER, 2 K, 3 BB",,,,,,,,,,,,,,,0.2,0,0,0,2,3,21,0,0,0
2026-04-13,824937,676974,Max Meyer,Max,Meyer,23,1999-03-12,27,"6' 0""",196,Pitcher,Left,Right,MIA,,,,,,,,,,,,,,,,,,,,,,,,,
2026-04-13,824937,667463,John King,John,King,47,1994-09-14,31,"6' 2""",215,Pitcher,Left,Left,MIA,"0.1 IP, 0 ER, 0 K, 0 BB",,,,,,,,,,,,,,,0.1,0,0,0,0,0,6,0,0,0
2026-04-13,824937,691594,Javier Sanoja,Javier,Sanoja,8,2002-09-03,23,"5' 7""",150,Second Base,Right,Right,MIA,,,,,,,,,,,,,,,,,,,,,,,,,
2026-04-13,824937,691277,Deyvison De Los Santos,Deyvison,De Los Santos,63,2003-06-21,22,"6' 1""",185,Third Base,Right,Right,MIA,,,,,,,,,,,,,,,,,,,,,,,,,
2026-04-13,824937,669364,Xavier Edwards,Xavier,Edwards,9,1999-08-09,26,"5' 9""",175,Shortstop,Switch,Right,MIA,"2-4 | BB, K, 3 R",,4,2,0,0,0,0,3,1,1,0,0,0,5,,,,,,,,,,
2026-04-13,824937,688363,Graham Pauley,Graham,Pauley,21,2000-09-24,25,"6' 1""",200,Third Base,Left,Right,MIA,"1-5 | 2 K, R",,5,1,0,0,0,0,1,2,0,0,0,1,5,,,,,,,,,,
2026-04-13,824937,656848,Michael Petersen,Michael,Petersen,49,1994-05-16,31,"6' 7""",195,Pitcher,Right,Right,MIA,,,,,,,,,,,,,,,,,,,,,,,,,
2026-04-13,824937,689414,Liam Hicks,Liam,Hicks,34,1999-06-02,26,"5' 9""",185,Catcher,Left,Right,MIA,"3-4 | 3 RBI, SB",,4,3,0,0,0,3,0,0,0,1,0,0,5,,,,,,,,,,
2026-04-13,824937,669622,Anthony Bender,Anthony,Bender,37,1995-02-03,31,"6' 4""",205,Pitcher,Right,Right,MIA,"1.0 IP, 0 ER, K, 0 BB",,,,,,,,,,,,,,,1.0,0,1,0,1,0,10,0,0,0
2026-04-13,824937,683357,Owen Caissie,Owen,Caissie,17,2002-07-08,23,"6' 4""",190,Outfielder,Left,Right,MIA,1-5 | 2 K,,5,1,0,0,0,0,0,2,0,0,0,0,5,,,,,,,,,,
2026-04-13,824937,682663,Agustín Ramírez,Agustín,Ramírez,50,2001-09-10,24,"6' 1""",210,Catcher,Right,Right,MIA,"3-4 | HR, BB, 4 RBI",,4,3,0,0,1,4,2,0,1,0,0,0,5,,,,,,,,,,
2026-04-13,824937,677870,Leo Jiménez,Leonardo,Jimenez,19,2001-05-17,24,"5' 10""",215,Shortstop,Right,Right,MIA,,,,,,,,,,,,,,,,,,,,,,,,,
2026-04-13,824937,676083,Janson Junk,Janson,Junk,26,1996-01-15,30,"6' 2""",197,Pitcher,Right,Right,MIA,,,,,,,,,,,,,,,,,,,,,,,,,
2026-04-13,824937,681393,Connor Norby,Connor,Norby,1,2000-06-08,25,"5' 10""",180,Third Base,Right,Right,MIA,"2-5 | HR, K, 2 RBI",,5,2,0,0,1,2,1,1,0,0,0,0,5,,,,,,,,,,
2026-04-13,824937,663978,Chris Paddack,Christopher,Paddack,33,1996-01-08,30,"6' 5""",217,Pitcher,Right,Right,MIA,,,,,,,,,,,,,,,,,,,,,,,,,
2026-04-13,824937,677053,Andrew Nardi,Andrew,Nardi,43,1998-08-18,27,"6' 3""",215,Pitcher,Left,Left,MIA,"1.0 IP, 0 ER, K, 0 BB",,,,,,,,,,,,,,,1.0,0,0,0,1,0,16,1,0,0
2026-04-13,824937,596103,Austin Slater,Austin,Slater,15,1992-12-13,33,"6' 1""",205,Outfielder,Right,Right,MIA,,,,,,,,,,,,,,,,,,,,,,,,,
2026-04-13,824937,691587,Eury Pérez,Eury,Pérez,39,2003-04-15,22,"6' 8""",220,Pitcher,Right,Right,MIA,"4.0 IP, 3 ER, 2 K, 2 BB",,,,,,,,,,,,,,,4.0,3,7,0,2,2,76,0,0,0
2026-04-13,824937,672640,Otto Lopez,Otto,Lopez,6,1998-10-01,27,"5' 10""",185,Second Base,Right,Right,MIA,"1-5 | 2 K, RBI",,5,1,0,0,0,1,0,2,0,0,0,0,5,,,,,,,,,,
2026-04-13,823725,671737,Taj Bradley,Taj,Bradley,26,2001-03-20,25,"6' 2""",220,Pitcher,Right,Right,MIN,,,,,,,,,,,,,,,,,,,,,,,,,
2026-04-13,823725,623437,Justin Topa,Justin,Topa,48,1991-03-07,35,"6' 4""",200,Pitcher,Right,Right,MIN,,,,,,,,,,,,,,,,,,,,,,,,,
2026-04-13,823725,605170,Victor Caratini,Victor,Caratini,37,1993-08-17,32,"6' 0""",225,Catcher,Switch,Right,MIN,"1-2 | HR, 2 BB, 3 RBI",,2,1,0,0,1,3,2,0,2,0,0,0,4,,,,,,,,,,
2026-04-13,823725,665019,Kody Clemens,Kody,Clemens,2,1996-05-15,29,"6' 0""",200,Second Base,Left,Right,MIN,,,,,,,,,,,,,,,,,,,,,,,,,
2026-04-13,823725,686797,Brooks Lee,Brooks,Lee,22,2001-02-14,25,"6' 0""",205,Third Base,Switch,Right,MIN,1-4 | RBI,,4,1,0,0,0,1,0,0,0,0,0,0,4,,,,,,,,,,
2026-04-13,823725,668885,Austin Martin,Christopher,Martin,16,1999-03-23,27,"5' 10""",185,Outfielder,Right,Right,MIN,"1-4 | 2B, BB, K",,4,1,1,0,0,0,2,1,1,0,0,0,5,,,,,,,,,,
2026-04-13,823725,680573,Simeon Woods Richardson,Simeon,Woods Richardson,24,2000-09-27,25,"6' 3""",210,Pitcher,Right,Right,MIN,,,,,,,,,,,,,,,,,,,,,,,,,
2026-04-13,823725,607455,Anthony Banda,Frank,Banda,43,1993-08-10,32,"6' 2""",221,Pitcher,Left,Left,MIN,,,,,,,,,,,,,,,,,,,,,,,,,
2026-04-13,823725,656484,Tristan Gray,Tristan,Gray,4,1996-03-22,30,"6' 1""",215,Third Base,Left,Right,MIN,,,,,,,,,,,,,,,,,,,,,,,,,
2026-04-13,823725,605137,Josh Bell,Joshua,Bell,56,1992-08-14,33,"6' 3""",261,First Base,Switch,Right,MIN,"1-5 | 2B, 2 RBI, R",,5,1,1,0,0,2,1,0,0,0,0,0,5,,,,,,,,,,
2026-04-13,823725,680777,Ryan Jeffers,Ryan,Jeffers,27,1997-06-03,28,"6' 2""",235,Catcher,Right,Right,MIN,"3-4 | HR, BB, 3 RBI",,4,3,0,0,1,3,3,0,1,0,0,0,5,,,,,,,,,,
2026-04-13,823725,681546,James Outman,James,Outman,30,1997-05-14,28,"6' 2""",215,Outfielder,Left,Right,MIN,0-0,,0,0,0,0,0,0,0,0,0,0,0,0,0,,,,,,,,,,
2026-04-13,823725,663485,Cole Sands,Bryson,Sands,44,1997-07-17,28,"6' 3""",215,Pitcher,Right,Right,MIN,,,,,,,,,,,,,,,,,,,,,,,,,
2026-04-13,823725,668952,Ryan Kreidler,Ryan,Kreidler,5,1997-11-12,28,"6' 3""",208,Outfielder,Right,Right,MIN,"1-4 | HR, RBI, R",,4,1,0,0,1,1,1,0,0,0,0,0,4,,,,,,,,,,
2026-04-13,823725,573124,Taylor Rogers,Taylor,Rogers,55,1990-12-17,35,"6' 3""",190,Pitcher,Left,Left,MIN,,,,,,,,,,,,,,,,,,,,,,,,,
2026-04-13,823725,641927,Bailey Ober,John,Ober,17,1995-07-12,30,"6' 9""",260,Pitcher,Right,Right,MIN,"6.0 IP, 4 ER, 7 K, BB",,,,,,,,,,,,,,,6.0,4,7,1,7,1,95,1,0,0
2026-04-13,823725,681892,Kody Funderburk,Kody,Funderburk,57,1996-11-27,29,"6' 4""",230,Pitcher,Left,Left,MIN,,,,,,,,,,,,,,,,,,,,,,,,,
2026-04-13,823725,663616,Trevor Larnach,Trevor,Larnach,9,1997-02-26,29,"6' 3""",223,Outfielder,Left,Right,MIN,,,,,,,,,,,,,,,,,,,,,,,,,
2026-04-13,823725,690953,Mick Abel,McLean,Abel,20,2001-08-18,24,"6' 5""",190,Pitcher,Right,Right,MIN,,,,,,,,,,,,,,,,,,,,,,,,,
2026-04-13,823725,670183,Garrett Acton,Garrett,Acton,50,1998-06-15,27,"6' 2""",215,Pitcher,Left,Right,MIN,"2.0 IP, 0 ER, 3 K, 2 BB",,,,,,,,,,,,,,,2.0,0,0,0,3,2,33,0,0,0
2026-04-13,823725,621439,Byron Buxton,Byron,Buxton,25,1993-12-18,32,"6' 1""",190,Outfielder,Right,Right,MIN,"2-5 | HR, K, RBI",,5,2,0,0,1,1,2,1,0,0,0,0,5,,,,,,,,,,
2026-04-13,823725,657746,Joe Ryan,Joseph,Ryan,41,1996-06-05,29,"6' 2""",205,Pitcher,Right,Right,MIN,,,,,,,,,,,,,,,,,,,,,,,,,
2026-04-13,823725,670242,Matt Wallner,Matthew,Wallner,38,1997-12-12,28,"6' 4""",220,Outfielder,Left,Right,MIN,"0-3 | HBP, K",,3,0,0,0,0,0,0,1,0,0,0,0,4,,,,,,,,,,
2026-04-13,823725,679358,Eric Orze,Eric,Orze,19,1997-08-21,28,"6' 4""",205,Pitcher,Right,Right,MIN,"1.0 IP, 2 ER, 0 K, BB",,,,,,,,,,,,,,,1.0,2,3,0,0,1,23,0,0,0
2026-04-13,823725,702193,Andrew Morris,Andrew,Morris,78,2001-09-01,24,"6' 0""",195,Pitcher,Right,Right,MIN,,,,,,,,,,,,,,,,,,,,,,,,,
2026-04-13,823725,807712,Luke Keaschall,Luke,Keaschall,15,2002-08-15,23,"6' 0""",190,Second Base,Right,Right,MIN,"1-4 | 2B, BB, K",,4,1,1,0,0,1,2,1,1,0,0,0,5,,,,,,,,,,
2026-04-13,823725,701350,Roman Anthony,Roman,Anthony,19,2004-05-13,21,"6' 3""",200,Outfielder,Left,Right,BOS,"1-2 | 2B, 2 BB, HBP",,2,1,1,0,0,0,2,0,2,0,0,0,5,,,,,,,,,,
2026-04-13,823725,575929,Willson Contreras,Willson,Contreras,40,1992-05-13,33,"6' 0""",240,First Base,Right,Right,BOS,"1-3 | 2 K, R",,3,1,0,0,0,0,1,2,0,0,0,0,3,,,,,,,,,,
2026-04-13,823725,813349,Connelly Early,Todd,Early,71,2002-04-03,24,"6' 3""",195,Pitcher,Left,Left,BOS,,,,,,,,,,,,,,,,,,,,,,,,,
2026-04-13,823725,669711,Greg Weissert,Gregory,Weissert,57,1995-02-04,31,"6' 2""",235,Pitcher,Right,Right,BOS,,,,,,,,,,,,,,,,,,,,,,,,,
2026-04-13,823725,657136,Connor Wong,Connor,Wong,12,1996-05-19,29,"5' 10""",190,Catcher,Right,Right,BOS,,,,,,,,,,,,,,,,,,,,,,,,,
2026-04-13,823725,596115,Trevor Story,Trevor,Story,10,1992-11-15,33,"6' 1""",209,Shortstop,Right,Right,BOS,"1-3 | K, RBI",,3,1,0,0,0,1,0,1,0,0,0,0,3,,,,,,,,,,
2026-04-13,823725,677161,Zack Kelly,Zachery,Kelly,76,1995-03-03,31,"6' 3""",231,Pitcher,Right,Right,BOS,,,,,,,,,,,,,,,,,,,,,,,,,
2026-04-13,823725,678394,Brayan Bello,Brayan,Bello,66,1999-05-17,26,"6' 1""",195,Pitcher,Right,Right,BOS,,,,,,,,,,,,,,,,,,,,,,,,,
2026-04-13,823725,677800,Wilyer Abreu,Wilyer,Abreu,52,1999-06-24,26,"5' 10""",215,Outfielder,Left,Left,BOS,"2-3 | BB, K, RBI",,3,2,0,0,0,1,0,1,1,0,0,0,4,,,,,,,,,,
2026-04-13,823725,676477,Garrett Whitlock,Garrett,Whitlock,22,1996-06-11,29,"6' 5""",222,Pitcher,Right,Right,BOS,,,,,,,,,,,,,,,,,,,,,,,,,
2026-04-13,823725,655316,Andruw Monasterio,Andruw,Monasterio,32,1997-05-30,28,"5' 11""",195,Shortstop,Right,Right,BOS,"1-2 | K, RBI",,2,1,0,0,0,1,0,1,0,0,0,0,2,,,,,,,,,,
2026-04-13,823725,543243,Sonny Gray,Sonny,Gray,54,1989-11-07,36,"5' 10""",190,Pitcher,Right,Right,BOS,,,,,,,,,,,,,,,,,,,,,,,,,
2026-04-13,823725,643396,Isiah Kiner-Falefa,Isiah,Kiner-Falefa,2,1995-03-23,31,"5' 10""",195,Shortstop,Right,Right,BOS,0-1,,1,0,0,0,0,0,0,0,0,0,0,0,1,,,,,,,,,,
2026-04-13,823725,676979,Garrett Crochet,Garrett,Crochet,35,1999-06-21,26,"6' 6""",245,Pitcher,Left,Left,BOS,"1.2 IP, 10 ER, 0 K, 3 BB",,,,,,,,,,,,,,,1.2,10,9,2,0,3,55,0,1,0
2026-04-13,823725,702332,Caleb Durbin,Caleb,Durbin,5,2000-02-22,26,"5' 6""",183,Third Base,Right,Right,BOS,"2-5 | 2B, K, RBI",,5,2,1,0,0,1,2,1,0,0,0,0,5,,,,,,,,,,
2026-04-13,823725,624133,Ranger Suarez,Ranger,Suarez,55,1995-08-26,30,"6' 1""",217,Pitcher,Left,Left,BOS,,,,,,,,,,,,,,,,,,,,,,,,,
2026-04-13,823725,665966,Carlos Narváez,Carlos,Narváez,75,1998-11-26,27,"5' 11""",190,Catcher,Right,Right,BOS,0-4 | 3 K,,4,0,0,0,0,0,0,3,0,0,0,0,4,,,,,,,,,,
2026-04-13,823725,680776,Jarren Duran,Jarren,Duran,16,1996-09-05,29,"6' 0""",205,Outfielder,Left,Right,BOS,"1-5 | HR, K, 2 RBI",,5,1,0,0,1,2,1,1,0,0,0,0,5,,,,,,,,,,
2026-04-13,823725,701719,Tyler Samaniego,Robert,Samaniego,78,1999-01-30,27,"6' 4""",205,Pitcher,Right,Left,BOS,"2.0 IP, 0 ER, 0 K, 0 BB",,,,,,,,,,,,,,,2.0,0,0,0,0,0,17,0,0,0
2026-04-13,823725,678882,Ceddanne Rafaela,Ceddanne,Rafaela,3,2000-09-18,25,"5' 10""",165,Outfielder,Right,Right,BOS,1-4,,4,1,0,0,0,0,0,0,0,0,0,1,4,,,,,,,,,,
2026-04-13,823725,663558,Jovani Morán,Jovani,Moran,47,1997-04-24,28,"6' 1""",167,Pitcher,Left,Left,BOS,"2.1 IP, 0 ER, 2 K, 2 BB",,,,,,,,,,,,,,,2.1,0,0,0,2,2,35,0,0,0
2026-04-13,823725,807799,Masataka Yoshida,Masataka,Yoshida,7,1993-07-15,32,"5' 8""",192,Outfielder,Left,Right,BOS,,,,,,,,,,,,,,,,,,,,,,,,,
2026-04-13,823725,543056,Danny Coulombe,Daniel,Coulombe,67,1989-10-26,36,"5' 10""",190,Pitcher,Left,Left,BOS,,,,,,,,,,,,,,,,,,,,,,,,,
2026-04-13,823725,691785,Marcelo Mayer,Marcelo,Mayer,11,2002-12-12,23,"6' 3""",188,Third Base,Left,Right,BOS,0-3 | BB,,3,0,0,0,0,0,0,0,1,0,0,1,4,,,,,,,,,,
2026-04-13,823725,547973,Aroldis Chapman,Albertin,Chapman,44,1988-02-28,38,"6' 4""",235,Pitcher,Left,Left,BOS,,,,,,,,,,,,,,,,,,,,,,,,,
2026-04-13,823725,670245,Ryan Watson,Ryan,Watson,56,1997-11-15,28,"6' 5""",225,Pitcher,Right,Right,BOS,"2.0 IP, 2 ER, 2 K, 0 BB",,,,,,,,,,,,,,,2.0,2,2,2,2,0,35,0,0,0
2026-04-13,823073,700241,Michael McGreevy,Michael,McGreevy,36,2000-07-08,25,"6' 4""",220,Pitcher,Left,Right,STL,,,,,,,,,,,,,,,,,,,,,,,,,
2026-04-13,823073,669357,Nolan Gorman,Nolan,Gorman,16,2000-05-10,25,"6' 0""",225,Second Base,Left,Right,STL,1-4 | 3 K,,4,1,0,0,0,0,0,3,0,0,0,0,4,,,,,,,,,,
2026-04-13,823073,694335,Matt Svanson,Matthew,Svanson,49,1999-01-31,27,"6' 5""",235,Pitcher,Right,Right,STL,,,,,,,,,,,,,,,,,,,,,,,,,
2026-04-13,823073,691023,Jordan Walker,Jordan,Walker,18,2002-05-22,23,"6' 6""",250,Outfielder,Right,Right,STL,"2-5 | HR, K, RBI",,5,2,0,0,1,1,2,1,0,0,0,0,5,,,,,,,,,,
2026-04-13,823073,701675,Nathan Church,Nathan,Church,27,2000-07-12,25,"5' 10""",180,Outfielder,Left,Left,STL,0-2,,2,0,0,0,0,0,0,0,0,0,0,0,2,,,,,,,,,,
2026-04-13,823073,687363,Victor Scott II,Victor,Scott,11,2001-02-12,25,"5' 10""",190,Outfielder,Left,Left,STL,0-2,,2,0,0,0,0,0,0,0,0,0,0,0,2,,,,,,,,,,
2026-04-13,823073,681517,Kyle Leahy,Kyle,Leahy,62,1997-06-04,28,"6' 5""",225,Pitcher,Switch,Right,STL,,,,,,,,,,,,,,,,,,,,,,,,,
2026-04-13,823073,665877,José Fermín,José,Fermín,15,1999-03-29,27,"5' 10""",198,Second Base,Right,Right,STL,0-1 | BB,,1,0,0,0,0,0,0,0,1,0,0,0,2,,,,,,,,,,
2026-04-13,823073,681676,Ryan Fernandez,Ryan,Fernandez,64,1998-06-11,27,"6' 0""",200,Pitcher,Right,Right,STL,"1.2 IP, 0 ER, 2 K, 0 BB",,,,,,,,,,,,,,,1.2,0,4,0,2,0,31,0,0,0
2026-04-13,823073,700669,Gordon Graceffo,Gordon,Graceffo,44,2000-03-17,26,"6' 4""",220,Pitcher,Right,Right,STL,"1.1 IP, 0 ER, K, BB",,,,,,,,,,,,,,,1.1,0,0,0,1,1,20,0,0,0
2026-04-13,823073,668941,JoJo Romero,Joseph,Romero,59,1996-09-09,29,"5' 11""",215,Pitcher,Left,Left,STL,,,,,,,,,,,,,,,,,,,,,,,,,
2026-04-13,823073,802139,JJ Wetherholt,Jonathan,Wetherholt,26,2002-09-10,23,"5' 9""",190,Shortstop,Left,Right,STL,"1-5 | K, R",,5,1,0,0,0,0,1,1,0,0,0,0,5,,,,,,,,,,
2026-04-13,823073,677865,Justin Bruihl,Justin,Bruihl,47,1997-06-26,28,"6' 2""",215,Pitcher,Left,Left,STL,"1.0 IP, 2 ER, K, BB",,,,,,,,,,,,,,,1.0,2,1,1,1,1,20,0,0,0
2026-04-13,823073,676475,Alec Burleson,Alec,Burleson,41,1998-11-25,27,"6' 0""",225,First Base,Left,Left,STL,"2-5 | 2B, RBI",,5,2,1,0,0,1,0,0,0,0,0,0,5,,,,,,,,,,
2026-04-13,823073,695336,Thomas Saggese,Thomas,Saggese,25,2002-04-10,24,"5' 10""",185,Second Base,Right,Right,STL,0-2 | K,,2,0,0,0,0,0,0,1,0,0,0,0,2,,,,,,,,,,
2026-04-13,823073,676617,Riley O'Brien,Riley,O'Brien,61,1995-02-06,31,"6' 4""",180,Pitcher,Right,Right,STL,,,,,,,,,,,,,,,,,,,,,,,,,
2026-04-13,823073,669467,Andre Pallante,Neil,Pallante,53,1998-09-18,27,"6' 0""",215,Pitcher,Right,Right,STL,,,,,,,,,,,,,,,,,,,,,,,,,
2026-04-13,823073,650968,Yohel Pozo,Yohel,Pozo,63,1997-06-14,28,"5' 11""",201,Catcher,Right,Right,STL,,,,,,,,,,,,,,,,,,,,,,,,,
2026-04-13,823073,666277,George Soriano,George,Soriano,65,1999-03-24,27,"6' 2""",210,Pitcher,Right,Right,STL,,,,,,,,,,,,,,,,,,,,,,,,,
2026-04-13,823073,686780,Pedro Pagés,Pedro,Pagés,43,1998-09-17,27,"5' 11""",245,Catcher,Right,Right,STL,1-3 | RBI,,3,1,0,0,0,1,0,0,0,0,0,0,4,,,,,,,,,,
2026-04-13,823073,669461,Matthew Liberatore,Matthew,Liberatore,32,1999-11-06,26,"6' 4""",215,Pitcher,Left,Left,STL,"5.0 IP, 4 ER, 2 K, 3 BB",,,,,,,,,,,,,,,5.0,4,6,1,2,3,105,0,1,0
2026-04-13,823073,602104,Ramón Urías,Ramón,Urías,29,1994-06-03,31,"5' 9""",185,Third Base,Right,Right,STL,,,,,,,,,,,,,,,,,,,,,,,,,
2026-04-13,823073,592773,Ryne Stanek,Ryne,Stanek,55,1991-07-26,34,"6' 4""",226,Pitcher,Right,Right,STL,,,,,,,,,,,,,,,,,,,,,,,,,
2026-04-13,823073,669160,Dustin May,Dustin,May,3,1997-09-06,28,"6' 6""",180,Pitcher,Right,Right,STL,,,,,,,,,,,,,,,,,,,,,,,,,
2026-04-13,823073,691026,Masyn Winn,Masyn,Winn,0,2002-03-21,24,"5' 9""",185,Shortstop,Right,Right,STL,"1-1 | 2B, 3 BB",,1,1,1,0,0,0,0,0,3,0,0,0,4,,,,,,,,,,
2026-04-13,823073,671056,Iván Herrera,Ivan,Herrera,48,2000-06-01,25,"5' 11""",220,Catcher,Right,Right,STL,1-5,,5,1,0,0,0,0,0,0,0,0,0,0,5,,,,,,,,,,
2026-04-13,823073,671655,George Valera,George,Valera,7,2000-11-13,25,"5' 10""",195,Outfielder,Left,Left,CLE,,,,,,,,,,,,,,,,,,,,,,,,,
2026-04-13,823073,542888,Shawn Armstrong,Shawn,Armstrong,43,1990-09-11,35,"6' 2""",225,Pitcher,Right,Right,CLE,,,,,,,,,,,,,,,,,,,,,,,,,
2026-04-13,823073,800050,Chase DeLauter,Chase,DeLauter,24,2001-10-08,24,"6' 3""",235,Outfielder,Left,Left,CLE,,,,,,,,,,,,,,,,,,,,,,,,,
2026-04-13,823073,641401,Connor Brogdon,Connor,Brogdon,75,1995-01-29,31,"6' 6""",205,Pitcher,Right,Right,CLE,,,,,,,,,,,,,,,,,,,,,,,,,
2026-04-13,823073,595978,Austin Hedges,Austin,Hedges,27,1992-08-18,33,"6' 0""",220,Catcher,Right,Right,CLE,"0-2 | BB, RBI, R",,2,0,0,0,0,1,1,0,1,0,0,0,4,,,,,,,,,,
2026-04-13,823073,682177,Daniel Schneemann,Daniel,Schneemann,10,1997-01-23,29,"6' 0""",185,Second Base,Left,Right,CLE,"1-5 | 3 K, 2 RBI",,5,1,0,0,0,2,0,3,0,0,0,0,5,,,,,,,,,,
2026-04-13,823073,677944,Slade Cecconi,Slade,Cecconi,44,1999-06-24,26,"6' 4""",219,Pitcher,Right,Right,CLE,,,,,,,,,,,,,,,,,,,,,,,,,
2026-04-13,823073,677587,Brayan Rocchio,Brayan,Rocchio,4,2001-01-13,25,"5' 9""",170,Shortstop,Switch,Right,CLE,"2-3 | HR, BB, 2 RBI",,3,2,0,0,1,2,2,0,1,0,1,0,4,,,,,,,,,,
2026-04-13,823073,670036,Matt Festa,Matthew,Festa,52,1993-03-11,33,"6' 1""",195,Pitcher,Right,Right,CLE,,,,,,,,,,,,,,,,,,,,,,,,,
2026-04-13,823073,666310,Bo Naylor,Noah,Naylor,23,2000-02-21,26,"5' 9""",205,Catcher,Left,Right,CLE,,,,,,,,,,,,,,,,,,,,,,,,,
2026-04-13,823073,681807,David Fry,David,Fry,6,1995-11-20,30,"6' 1""",215,First Base,Right,Right,CLE,"1-4 | BB, K, 2 R",,4,1,0,0,0,0,2,1,1,0,0,0,5,,,,,,,,,,
2026-04-13,823073,671922,Cade Smith,Cade,Smith,36,1999-05-09,26,"6' 5""",230,Pitcher,Right,Right,CLE,"1.0 IP, 0 ER, 0 K, 0 BB",,,,,,,,,,,,,,,1.0,0,1,0,0,0,18,0,0,0
2026-04-13,823073,608070,José Ramírez,José,Ramírez,11,1992-09-17,33,"5' 8""",190,Third Base,Switch,Right,CLE,"2-4 | 2B, BB, R",,4,2,1,0,0,0,1,0,1,2,0,0,5,,,,,,,,,,
2026-04-13,823073,680757,Steven Kwan,Steven,Kwan,38,1997-09-05,28,"5' 8""",170,Outfielder,Left,Left,CLE,2-5 | 2 RBI,,5,2,0,0,0,2,0,0,0,0,0,0,5,,,,,,,,,,
2026-04-13,823073,688883,Peyton Pallette,Peyton,Pallette,41,2001-05-09,24,"6' 1""",190,Pitcher,Right,Right,CLE,,,,,,,,,,,,,,,,,,,,,,,,,
2026-04-13,823073,682657,Angel Martínez,Angel,Martínez,1,2002-01-27,24,"5' 11""",200,Outfielder,Switch,Right,CLE,"2-5 | HR, RBI, R",,5,2,0,0,1,1,1,0,0,0,0,0,5,,,,,,,,,,
2026-04-13,823073,682877,Juan Brito,Juan,Brito,34,2001-09-24,24,"6' 0""",202,Shortstop,Switch,Right,CLE,"1-4 | K, R",,4,1,0,0,0,0,1,1,0,0,0,0,4,,,,,,,,,,
2026-04-13,823073,700932,Kyle Manzardo,Kyle,Manzardo,9,2000-07-18,25,"5' 11""",205,First Base,Left,Right,CLE,,,,,,,,,,,,,,,,,,,,,,,,,
2026-04-13,823073,800048,Parker Messick,Parker,Messick,77,2000-10-26,25,"6' 0""",225,Pitcher,Left,Left,CLE,,,,,,,,,,,,,,,,,,,,,,,,,
2026-04-13,823073,676282,Joey Cantillo,Joseph,Cantillo,54,1999-12-18,26,"6' 4""",225,Pitcher,Left,Left,CLE,,,,,,,,,,,,,,,,,,,,,,,,,
2026-04-13,823073,681870,Erik Sabrowski,Erik,Sabrowski,62,1997-10-31,28,"6' 4""",230,Pitcher,Right,Left,CLE,"1.0 IP, 0 ER, 0 K, 0 BB",,,,,,,,,,,,,,,1.0,0,0,0,0,0,9,0,0,0
2026-04-13,823073,668909,Gavin Williams,Gavin,Williams,32,1999-07-26,26,"6' 6""",250,Pitcher,Left,Right,CLE,"5.0 IP, 2 ER, 4 K, 2 BB",,,,,,,,,,,,,,,5.0,2,5,1,4,2,93,1,0,0
2026-04-13,823073,683769,Hunter Gaddis,Hunter,Gaddis,33,1998-04-09,28,"6' 6""",260,Pitcher,Right,Right,CLE,"1.0 IP, ER, K, BB",,,,,,,,,,,,,,,1.0,1,2,0,1,1,21,0,0,0
2026-04-13,823073,676440,Tanner Bibee,Tanner,Bibee,28,1999-03-05,27,"6' 2""",205,Pitcher,Right,Right,CLE,,,,,,,,,,,,,,,,,,,,,,,,,
2026-04-13,823073,682120,Tim Herrin,Tim,Herrin,29,1996-10-08,29,"6' 6""",230,Pitcher,Left,Left,CLE,"1.0 IP, 0 ER, K, BB",,,,,,,,,,,,,,,1.0,0,1,0,1,1,24,0,0,0
2026-04-13,823073,656555,Rhys Hoskins,Rhys,Hoskins,8,1993-03-17,33,"6' 3""",241,First Base,Right,Right,CLE,"0-4 | BB, K, R",,4,0,0,0,0,0,1,1,1,0,0,0,5,,,,,,,,,,
2026-04-13,825024,671732,Lawrence Butler,Lawrence,Butler,4,2000-07-10,25,"6' 3""",210,Outfielder,Left,Right,ATH,"1-4 | HR, RBI, R",,4,1,0,0,1,1,1,0,0,0,0,0,4,,,,,,,,,,
2026-04-13,825024,622663,Luis Severino,Luis,Severino,40,1994-02-20,32,"6' 2""",218,Pitcher,Right,Right,ATH,"6.0 IP, 4 ER, 7 K, 3 BB",,,,,,,,,,,,,,,6.0,4,6,2,7,3,94,0,1,0
2026-04-13,825024,669372,J.T. Ginn,John,Ginn,35,1999-05-20,26,"6' 2""",200,Pitcher,Right,Right,ATH,,,,,,,,,,,,,,,,,,,,,,,,,
2026-04-13,825024,680869,Zack Gelof,Zachary,Gelof,20,1999-10-19,26,"6' 2""",205,Second Base,Right,Right,ATH,0-1 | K,,1,0,0,0,0,0,0,1,0,0,0,0,1,,,,,,,,,,
2026-04-13,825024,643446,Jeff McNeil,Jeffrey,McNeil,22,1992-04-08,34,"6' 0""",195,Second Base,Left,Right,ATH,1-4,,4,1,0,0,0,0,0,0,0,0,0,0,4,,,,,,,,,,
2026-04-13,825024,686993,Justin Sterner,Justin,Sterner,60,1996-08-29,29,"6' 1""",215,Pitcher,Right,Right,ATH,,,,,,,,,,,,,,,,,,,,,,,,,
2026-04-13,825024,642851,Austin Wynns,Robert,Wynns,29,1990-12-10,35,"6' 1""",190,Catcher,Right,Right,ATH,0-0,,0,0,0,0,0,0,0,0,0,0,0,0,0,,,,,,,,,,
2026-04-13,825024,605130,Scott Barlow,Scott,Barlow,58,1992-12-18,33,"6' 3""",210,Pitcher,Right,Right,ATH,,,,,,,,,,,,,,,,,,,,,,,,,
2026-04-13,825024,666126,Carlos Cortes,Carlos,Cortes,26,1997-06-30,28,"5' 7""",197,Outfielder,Left,Switch,ATH,0-3,,3,0,0,0,0,0,0,0,0,0,0,1,3,,,,,,,,,,
2026-04-13,825024,682052,Jacob Lopez,Jacob,Lopez,57,1998-03-11,28,"6' 4""",220,Pitcher,Left,Left,ATH,,,,,,,,,,,,,,,,,,,,,,,,,
2026-04-13,825024,691777,Max Muncy,Maxwell,Muncy,3,2002-08-25,23,"6' 0""",180,Third Base,Right,Right,ATH,1-1 | HBP,,1,1,0,0,0,0,0,0,0,0,0,0,2,,,,,,,,,,
2026-04-13,825024,669270,Joel Kuhnel,Joel,Kuhnel,47,1995-02-19,31,"6' 5""",290,Pitcher,Right,Right,ATH,,,,,,,,,,,,,,,,,,,,,,,,,
2026-04-13,825024,672016,Denzel Clarke,Denzel,Clarke,1,2000-05-01,25,"6' 3""",220,Outfielder,Right,Right,ATH,0-2 | 2 K,,2,0,0,0,0,0,0,2,0,0,0,0,2,,,,,,,,,,
2026-04-13,825024,691016,Tyler Soderstrom,Tyler,Soderstrom,21,2001-11-24,24,"6' 2""",200,Outfielder,Left,Right,ATH,0-3 | BB,,3,0,0,0,0,0,0,0,1,0,0,0,4,,,,,,,,,,
2026-04-13,825024,665660,Elvis Alvarado,Elvis,Alvarado,37,1999-02-23,27,"6' 6""",253,Pitcher,Right,Right,ATH,,,,,,,,,,,,,,,,,,,,,,,,,
2026-04-13,825024,687231,Darell Hernaiz,Darell,Hernaiz,2,2001-08-03,24,"5' 11""",190,Third Base,Right,Right,ATH,0-2 | K,,2,0,0,0,0,0,0,1,0,0,0,0,2,,,,,,,,,,
2026-04-13,825024,650644,Aaron Civale,Aaron,Civale,45,1995-06-12,30,"6' 1""",245,Pitcher,Right,Right,ATH,,,,,,,,,,,,,,,,,,,,,,,,,
2026-04-13,825024,701762,Nick Kurtz,Nicholas,Kurtz,16,2003-03-12,23,"6' 5""",240,First Base,Left,Left,ATH,"0-3 | BB, 2 K",,3,0,0,0,0,0,0,2,1,0,0,0,4,,,,,,,,,,
2026-04-13,825024,663687,Hogan Harris,Hogan,Harris,36,1996-12-26,29,"6' 3""",230,Pitcher,Right,Left,ATH,,,,,,,,,,,,,,,,,,,,,,,,,
2026-04-13,825024,665622,Luis Medina,Luis,Medina,46,1999-05-03,26,"6' 1""",175,Pitcher,Right,Right,ATH,"1.1 IP, 0 ER, K, BB",,,,,,,,,,,,,,,1.1,0,0,0,1,1,26,0,0,0
2026-04-13,825024,669127,Shea Langeliers,Shea,Langeliers,23,1997-11-18,28,"5' 11""",205,Catcher,Right,Right,ATH,2-4 | 2 K,,4,2,0,0,0,0,0,2,0,0,0,0,4,,,,,,,,,,
2026-04-13,825024,643410,Mark Leiter Jr.,Mark,Leiter,38,1991-03-13,35,"6' 0""",210,Pitcher,Right,Right,ATH,,,,,,,,,,,,,,,,,,,,,,,,,
2026-04-13,825024,678022,Jack Perkins,Jackson,Perkins,50,1999-12-26,26,"6' 1""",220,Pitcher,Right,Right,ATH,"1.2 IP, 4 ER, 4 K, BB",,,,,,,,,,,,,,,1.2,4,5,0,4,1,43,0,0,0
2026-04-13,825024,628451,Andy Ibáñez,Andy,Ibáñez,77,1993-04-03,33,"5' 10""",205,Third Base,Right,Right,ATH,,,,,,,,,,,,,,,,,,,,,,,,,
2026-04-13,825024,605488,Jeffrey Springs,Jeffrey,Springs,59,1992-09-20,33,"6' 3""",218,Pitcher,Left,Left,ATH,,,,,,,,,,,,,,,,,,,,,,,,,
2026-04-13,825024,805779,Jacob Wilson,Jacob,Wilson,5,2002-03-30,24,"6' 2""",190,Shortstop,Right,Right,ATH,0-4,,4,0,0,0,0,0,0,0,0,0,0,0,4,,,,,,,,,,
2026-04-13,825024,694497,Evan Carter,Evan,Carter,32,2002-08-29,23,"6' 2""",190,Outfielder,Left,Right,TEX,"0-4 | BB, 2 K, R",,4,0,0,0,0,0,1,2,1,0,0,0,5,,,,,,,,,,
2026-04-13,825024,694671,Wyatt Langford,Wyatt,Langford,36,2001-11-15,24,"6' 0""",225,Outfielder,Right,Right,TEX,,,,,,,,,,,,,,,,,,,,,,,,,
2026-04-13,825024,677958,Kumar Rocker,Kumar,Rocker,80,1999-11-22,26,"6' 5""",245,Pitcher,Right,Right,TEX,,,,,,,,,,,,,,,,,,,,,,,,,
2026-04-13,825024,669394,Jake Burger,Jacob,Burger,21,1996-04-10,30,"6' 0""",230,First Base,Right,Right,TEX,"2-4 | 2 HR, BB, K",,4,2,0,0,2,4,2,1,1,0,0,0,5,,,,,,,,,,
2026-04-13,825024,641302,Tyler Alexander,Tyler,Alexander,13,1994-07-14,31,"6' 1""",214,Pitcher,Right,Left,TEX,,,,,,,,,,,,,,,,,,,,,,,,,
2026-04-13,825024,592626,Joc Pederson,Joc,Pederson,3,1992-04-21,33,"6' 1""",220,First Base,Left,Left,TEX,"3-5 | K, R",,5,3,0,0,0,0,1,1,0,0,0,0,5,,,,,,,,,,
2026-04-13,825024,683004,Jack Leiter,Jack,Leiter,22,2000-04-21,25,"6' 1""",205,Pitcher,Right,Right,TEX,,,,,,,,,,,,,,,,,,,,,,,,,
2026-04-13,825024,681168,Luis Curvelo,Luis,Curvelo,57,2000-10-21,25,"6' 1""",170,Pitcher,Right,Right,TEX,"2.0 IP, ER, K, 0 BB",,,,,,,,,,,,,,,2.0,1,2,1,1,0,19,0,0,0
2026-04-13,825024,656641,Jacob Latz,Jacob,Latz,67,1996-04-08,30,"6' 2""",185,Pitcher,Right,Left,TEX,,,,,,,,,,,,,,,,,,,,,,,,,
2026-04-13,825024,656222,Jalen Beeks,Jalen,Beeks,68,1993-07-10,32,"5' 11""",215,Pitcher,Left,Left,TEX,,,,,,,,,,,,,,,,,,,,,,,,,
2026-04-13,825024,608369,Corey Seager,Corey,Seager,5,1994-04-27,31,"6' 4""",215,Shortstop,Left,Right,TEX,"1-4 | 2B, BB, K",,4,1,1,0,0,0,2,1,1,0,0,0,5,,,,,,,,,,
2026-04-13,825024,676395,Robert Garcia,Robert,Garcia,62,1996-06-14,29,"6' 4""",236,Pitcher,Right,Left,TEX,,,,,,,,,,,,,,,,,,,,,,,,,
2026-04-13,825024,673962,Josh Jung,Joshua,Jung,6,1998-02-12,28,"6' 1""",214,Third Base,Right,Right,TEX,"1-4 | 2B, K, 2 RBI",,4,1,1,0,0,2,0,1,0,0,0,0,4,,,,,,,,,,
2026-04-13,825024,457705,Andrew McCutchen,Andrew,McCutchen,4,1986-10-10,39,"5' 10""",190,Outfielder,Right,Right,TEX,,,,,,,,,,,,,,,,,,,,,,,,,
2026-04-13,825024,543309,Kyle Higashioka,Kyle,Higashioka,11,1990-04-20,35,"6' 1""",202,Catcher,Right,Right,TEX,"2-4 | BB, R",,4,2,0,0,0,0,1,0,1,0,0,1,5,,,,,,,,,,
2026-04-13,825024,677649,Ezequiel Duran,Ezequiel,Duran,20,1999-05-22,26,"5' 10""",185,Shortstop,Right,Right,TEX,"1-3 | BB, K, SB",,3,1,0,0,0,0,0,1,1,1,0,0,4,,,,,,,,,,
2026-04-13,825024,669022,MacKenzie Gore,MacKenzie,Gore,1,1999-02-24,27,"6' 2""",193,Pitcher,Left,Left,TEX,,,,,,,,,,,,,,,,,,,,,,,,,
2026-04-13,825024,594798,Jacob deGrom,Jacob,deGrom,48,1988-06-19,37,"6' 4""",180,Pitcher,Left,Right,TEX,,,,,,,,,,,,,,,,,,,,,,,,,
2026-04-13,825024,607043,Brandon Nimmo,Brandon,Nimmo,24,1993-03-27,33,"6' 1""",206,Outfielder,Left,Right,TEX,0-5 | 4 K,,5,0,0,0,0,0,0,4,0,0,0,0,5,,,,,,,,,,
2026-04-13,825024,669701,Josh Smith,Josh,Smith,8,1997-08-07,28,"5' 9""",172,Shortstop,Left,Right,TEX,"1-4 | K, 2 RBI, R",,4,1,0,0,0,2,1,1,0,0,0,0,4,,,,,,,,,,
2026-04-13,825024,664059,Sam Haggerty,Samuel,Haggerty,0,1994-05-26,31,"5' 11""",175,Outfielder,Switch,Right,TEX,0-0,,0,0,0,0,0,0,0,0,0,0,0,0,0,,,,,,,,,,
2026-04-13,825024,643376,Danny Jansen,Daniel,Jansen,9,1995-04-15,30,"6' 2""",240,Catcher,Right,Right,TEX,,,,,,,,,,,,,,,,,,,,,,,,,
2026-04-13,825024,596001,Jakob Junis,Jakob,Junis,16,1992-09-16,33,"6' 3""",238,Pitcher,Right,Right,TEX,,,,,,,,,,,,,,,,,,,,,,,,,
2026-04-13,825024,543135,Nathan Eovaldi,Nathan,Eovaldi,17,1990-02-13,36,"6' 2""",217,Pitcher,Right,Right,TEX,"7.0 IP, 0 ER, 7 K, 2 BB",,,,,,,,,,,,,,,7.0,0,3,0,7,2,84,1,0,0
2026-04-13,825024,668390,Cole Winn,Cole,Winn,60,1999-11-25,26,"6' 2""",190,Pitcher,Right,Right,TEX,,,,,,,,,,,,,,,,,,,,,,,,,
2026-04-13,825024,455119,Chris Martin,Christopher,Martin,31,1986-06-02,39,"6' 8""",224,Pitcher,Right,Right,TEX,,,,,,,,,,,,,,,,,,,,,,,,,
2026-04-13,823964,669257,Will Smith,William,Smith,16,1995-03-28,31,"5' 10""",195,Catcher,Right,Right,LAD,"1-3 | BB, RBI",,3,1,0,0,0,1,0,0,1,0,0,0,4,,,,,,,,,,
2026-04-13,823964,687221,Dalton Rushing,Dalton,Rushing,68,2001-02-21,25,"6' 0""",220,Catcher,Left,Right,LAD,,,,,,,,,,,,,,,,,,,,,,,,,
2026-04-13,823964,607192,Tyler Glasnow,Tyler,Glasnow,31,1993-08-23,32,"6' 8""",225,Pitcher,Left,Right,LAD,,,,,,,,,,,,,,,,,,,,,,,,,
2026-04-13,823964,681911,Alex Vesia,Alexander,Vesia,51,1996-04-11,30,"6' 1""",209,Pitcher,Left,Left,LAD,,,,,,,,,,,,,,,,,,,,,,,,,
2026-04-13,823964,663656,Kyle Tucker,Kyle,Tucker,23,1997-01-17,29,"6' 3""",212,Outfielder,Left,Right,LAD,"0-2 | 2 BB, K, R",,2,0,0,0,0,0,1,1,2,0,0,0,4,,,,,,,,,,
2026-04-13,823964,571970,Max Muncy,Maxwell,Muncy,13,1990-08-25,35,"5' 10""",215,Third Base,Left,Right,LAD,0-4 | 4 K,,4,0,0,0,0,0,0,4,0,0,0,0,4,,,,,,,,,,
2026-04-13,823964,518692,Freddie Freeman,Frederick,Freeman,5,1989-09-12,36,"6' 4""",220,First Base,Left,Right,LAD,"2-4 | 2B, K, R",,4,2,1,0,0,0,1,1,0,0,0,0,4,,,,,,,,,,
2026-04-13,823964,683618,Edgardo Henriquez,Edgardo,Henriquez,60,2002-06-24,23,"6' 4""",200,Pitcher,Right,Right,LAD,,,,,,,,,,,,,,,,,,,,,,,,,
2026-04-13,823964,808975,Hyeseong Kim,Hyeseong,Kim,6,1999-01-27,27,"5' 10""",175,Second Base,Left,Right,LAD,,,,,,,,,,,,,,,,,,,,,,,,,
2026-04-13,823964,656945,Tanner Scott,Tanner,Scott,66,1994-07-22,31,"6' 0""",235,Pitcher,Right,Left,LAD,"1.0 IP, 0 ER, 0 K, 0 BB",,,,,,,,,,,,,,,1.0,0,1,0,0,0,8,0,0,0
2026-04-13,823964,669289,Santiago Espinal,Santiago,Espinal,21,1994-11-13,31,"5' 9""",185,Third Base,Right,Right,LAD,0-4 | K,,4,0,0,0,0,0,0,1,0,0,0,0,4,,,,,,,,,,
2026-04-13,823964,669165,Kyle Hurt,Kyle,Hurt,63,1998-05-30,27,"6' 3""",240,Pitcher,Right,Right,LAD,,,,,,,,,,,,,,,,,,,,,,,,,
2026-04-13,823964,660271,Shohei Ohtani,Shohei,Ohtani,17,1994-07-05,31,"6' 4""",210,Two-Way Player,Left,Right,LAD,"0-4 | HBP, K, R",,4,0,0,0,0,0,1,1,0,0,0,0,5,,,,,,,,,,
2026-04-13,823964,694361,Will Klein,William,Klein,61,1999-11-28,26,"6' 5""",230,Pitcher,Right,Right,LAD,,,,,,,,,,,,,,,,,,,,,,,,,
2026-04-13,823964,680736,Justin Wrobleski,Justin,Wrobleski,70,2000-07-14,25,"6' 1""",194,Pitcher,Left,Left,LAD,"8.0 IP, 0 ER, 2 K, 0 BB",,,,,,,,,,,,,,,8.0,0,2,0,2,0,90,1,0,0
2026-04-13,823964,606192,Teoscar Hernández,Teoscar,Hernández,37,1992-10-15,33,"6' 0""",215,Outfielder,Right,Right,LAD,"1-2 | 2B, 2 BB, K",,2,1,1,0,0,0,0,1,2,0,0,0,4,,,,,,,,,,
2026-04-13,823964,681624,Andy Pages,Andy,Pages,44,2000-12-08,25,"6' 1""",212,Outfielder,Right,Right,LAD,"1-4 | HR, 2 K, 3 RBI",,4,1,0,0,1,3,1,2,0,0,0,0,4,,,,,,,,,,
2026-04-13,823964,621242,Edwin Díaz,Edwin,Díaz,3,1994-03-22,32,"6' 3""",165,Pitcher,Right,Right,LAD,,,,,,,,,,,,,,,,,,,,,,,,,
2026-04-13,823964,669743,Alex Call,Alex,Call,12,1994-09-27,31,"5' 11""",189,Outfielder,Right,Right,LAD,,,,,,,,,,,,,,,,,,,,,,,,,
2026-04-13,823964,686218,Emmet Sheehan,George,Sheehan,80,1999-11-15,26,"6' 5""",220,Pitcher,Right,Right,LAD,,,,,,,,,,,,,,,,,,,,,,,,,
2026-04-13,823964,500743,Miguel Rojas,Miguel,Rojas,72,1989-02-24,37,"5' 10""",188,Second Base,Right,Right,LAD,"3-4 | 2B, K, CS",,4,3,1,0,0,0,0,1,0,0,1,0,4,,,,,,,,,,
2026-04-13,823964,676263,Jack Dreyer,Jacob,Dreyer,86,1999-02-27,27,"6' 2""",205,Pitcher,Right,Left,LAD,,,,,,,,,,,,,,,,,,,,,,,,,
2026-04-13,823964,595014,Blake Treinen,Blake,Treinen,49,1988-06-30,37,"6' 5""",225,Pitcher,Right,Right,LAD,,,,,,,,,,,,,,,,,,,,,,,,,
2026-04-13,823964,808963,Roki Sasaki,Roki,Sasaki,11,2001-11-03,24,"6' 2""",187,Pitcher,Right,Right,LAD,,,,,,,,,,,,,,,,,,,,,,,,,
2026-04-13,823964,690976,Alex Freeland,Alexander,Freeland,76,2001-08-24,24,"5' 11""",200,Second Base,Switch,Right,LAD,,,,,,,,,,,,,,,,,,,,,,,,,
2026-04-13,823964,808967,Yoshinobu Yamamoto,Yoshinobu,Yamamoto,18,1998-08-17,27,"5' 10""",176,Pitcher,Right,Right,LAD,,,,,,,,,,,,,,,,,,,,,,,,,
2026-04-13,823964,620443,Luis Torrens,Luis,Torrens,13,1996-05-02,29,"5' 11""",217,Catcher,Right,Right,NYM,,,,,,,,,,,,,,,,,,,,,,,,,
2026-04-13,823964,666182,Bo Bichette,Bo,Bichette,19,1998-03-05,28,"5' 11""",190,Shortstop,Right,Right,NYM,0-3,,3,0,0,0,0,0,0,0,0,0,0,0,3,,,,,,,,,,
2026-04-13,823964,621438,Tyrone Taylor,Tyrone,Taylor,28,1994-01-22,32,"6' 0""",218,Outfielder,Right,Right,NYM,0-3,,3,0,0,0,0,0,0,0,0,0,0,0,3,,,,,,,,,,
2026-04-13,823964,680702,Joey Gerber,Joseph,Gerber,56,1997-05-03,28,"6' 4""",212,Pitcher,Right,Right,NYM,"2.0 IP, 0 ER, 5 K, BB",,,,,,,,,,,,,,,2.0,0,2,0,5,1,47,0,0,0
2026-04-13,823964,682626,Francisco Alvarez,Francisco,Alvarez,4,2001-11-19,24,"5' 10""",233,Catcher,Right,Right,NYM,1-3,,3,1,0,0,0,0,0,0,0,0,0,1,3,,,,,,,,,,
2026-04-13,823964,668901,Mark Vientos,Mark,Vientos,27,1999-12-11,26,"6' 3""",185,Third Base,Right,Right,NYM,0-3 | K,,3,0,0,0,0,0,0,1,0,0,0,0,3,,,,,,,,,,
2026-04-13,823964,640455,Sean Manaea,Sean,Manaea,59,1992-02-01,34,"6' 5""",245,Pitcher,Right,Left,NYM,,,,,,,,,,,,,,,,,,,,,,,,,
2026-04-13,823964,668964,Tobias Myers,Tobias,Myers,32,1998-08-05,27,"6' 1""",223,Pitcher,Right,Right,NYM,,,,,,,,,,,,,,,,,,,,,,,,,
2026-04-13,823964,683146,Brett Baty,Brett,Baty,7,1999-11-13,26,"6' 3""",210,Third Base,Left,Right,NYM,,,,,,,,,,,,,,,,,,,,,,,,,
2026-04-13,823964,623211,Huascar Brazobán,Huascar,Brazobán,43,1989-10-15,36,"6' 3""",155,Pitcher,Right,Right,NYM,,,,,,,,,,,,,,,,,,,,,,,,,
2026-04-13,823964,596133,Luke Weaver,Luke,Weaver,30,1993-08-21,32,"6' 2""",180,Pitcher,Right,Right,NYM,,,,,,,,,,,,,,,,,,,,,,,,,
2026-04-13,823964,701807,Carson Benge,Carson,Benge,3,2003-01-20,23,"6' 1""",184,Outfield,Left,Right,NYM,,,,,,,,,,,,,,,,,,,,,,,,,
2026-04-13,823964,642207,Devin Williams,Devin,Williams,38,1994-09-21,31,"6' 2""",193,Pitcher,Right,Right,NYM,,,,,,,,,,,,,,,,,,,,,,,,,
2026-04-13,823964,673540,Kodai Senga,Kodai,Senga,34,1993-01-30,33,"6' 1""",202,Pitcher,Left,Right,NYM,,,,,,,,,,,,,,,,,,,,,,,,,
2026-04-13,823964,502054,Tommy Pham,Thomas,Pham,39,1988-03-08,38,"6' 1""",225,Outfielder,Right,Right,NYM,0-3 | K,,3,0,0,0,0,0,0,1,0,0,0,0,3,,,,,,,,,,
2026-04-13,823964,543760,Marcus Semien,Marcus,Semien,10,1990-09-17,35,"6' 0""",195,Second Base,Right,Right,NYM,1-3,,3,1,0,0,0,0,0,0,0,0,0,0,3,,,,,,,,,,
2026-04-13,823964,656849,David Peterson,David,Peterson,23,1995-09-03,30,"6' 6""",240,Pitcher,Left,Left,NYM,"5.0 IP, 4 ER, 7 K, 4 BB",,,,,,,,,,,,,,,5.0,4,5,1,7,4,89,0,1,0
2026-04-13,823964,642547,Freddy Peralta,Freddy,Peralta,51,1996-06-04,29,"6' 0""",198,Pitcher,Right,Right,NYM,,,,,,,,,,,,,,,,,,,,,,,,,
2026-04-13,823964,605280,Clay Holmes,Clayton,Holmes,35,1993-03-27,33,"6' 5""",245,Pitcher,Right,Right,NYM,,,,,,,,,,,,,,,,,,,,,,,,,
2026-04-13,823964,596019,Francisco Lindor,Francisco,Lindor,12,1993-11-14,32,"5' 10""",190,Shortstop,Switch,Right,NYM,0-4,,4,0,0,0,0,0,0,0,0,0,0,1,4,,,,,,,,,,
2026-04-13,823964,518886,Craig Kimbrel,Craig,Kimbrel,46,1988-05-28,37,"6' 0""",215,Pitcher,Right,Right,NYM,"1.0 IP, 0 ER, 0 K, 0 BB",,,,,,,,,,,,,,,1.0,0,1,0,0,0,13,0,0,0
2026-04-13,823964,548384,Brooks Raley,Brooks,Raley,25,1988-06-29,37,"6' 3""",200,Pitcher,Left,Left,NYM,,,,,,,,,,,,,,,,,,,,,,,,,
2026-04-13,823964,593871,Jorge Polanco,Jorge,Polanco,11,1993-07-05,32,"6' 0""",208,Second Base,Switch,Right,NYM,1-3,,3,1,0,0,0,0,0,0,0,0,0,0,3,,,,,,,,,,
2026-04-13,823964,690997,Nolan McLean,Nolan,McLean,26,2001-07-24,24,"6' 2""",214,Pitcher,Right,Right,NYM,,,,,,,,,,,,,,,,,,,,,,,,,
2026-04-13,823964,673357,Luis Robert Jr.,Luis,Robert,88,1997-08-03,28,"6' 2""",225,Outfielder,Right,Right,NYM,0-3,,3,0,0,0,0,0,0,0,0,0,0,0,3,,,,,,,,,,
2026-04-13,823964,676724,Jared Young,Jared,Young,29,1995-07-09,30,"6' 2""",200,Outfielder,Left,Right,NYM,,,,,,,,,,,,,,,,,,,,,,,,,
